neuron_id,swc_file,broad_region,soma_region,projection_class,cortical_layer,brain_id
18869_3321_x21485_y7678,18869_3321_x21485_y7678.swc,Cortex,SSp-m,CTX_ET,L5,18869
182724_2525_x8483_y21088,182724_2525_x8483_y21088.swc,Cortex,AId,CTX_ET,L5,182724
18453_3186_x12745_y7108,18453_3186_x12745_y7108.swc,Cortex,MOp,CTX_IT,L2/3,18453
18867_2903_x13633_y8787,18867_2903_x13633_y8787.swc,Cortex,MOp,CTX_ET,L5,18867
191812_5158_x9017_y25877,191812_5158_x9017_y25877.swc,Cortex,SSs,CTX_IT,,191812
18869_3398_x6248_y7047,18869_3398_x6248_y7047.swc,Cortex,SSp-m,CTX_ET,L5,18869
18869_5024_x5544_y5480,18869_5024_x5544_y5480.swc,Cortex,SSs,CTX_ET,L5,18869
18864_3338_x3396_y21865,18864_3338_x3396_y21865.swc,Cortex,MOp,CTX_IT,L4,18864
18453_6229_x34471_y10482,18453_6229_x34471_y10482.swc,Cortex,AUDv,CTX_IT,,18453
18867_4216_x9933_y8365,18867_4216_x9933_y8365.swc,Cortex,SSp-m,CTX_ET,L5,18867
18453_7245_x12979_y2864,18453_7245_x12979_y2864.swc,Cortex,VISp,CTX_IT,L2/3,18453
18453_3704_x10450_y7387,18453_3704_x10450_y7387.swc,Cortex,SSp-m,CTX_IT,L4,18453
18864_4554_x9386_y2232,18864_4554_x9386_y2232.swc,Cortex,SSs,CTX_IT,L2/3,18864
18868_5701_x9538_y5736,18868_5701_x9538_y5736.swc,Cortex,SSp-bfd,CTX_ET,L5,18868
18869_4050_x21764_y6239,18869_4050_x21764_y6239.swc,Cortex,SSp-m,CTX_ET,L5,18869
191812_3140_x5204_y12992,191812_3140_x5204_y12992.swc,Cortex,MOs,CTX_IT,,191812
18453_6604_x9161_y4006,18453_6604_x9161_y4006.swc,Cortex,VISrl,CTX_IT,L2/3,18453
18869_3701_x5589_y7633,18869_3701_x5589_y7633.swc,Cortex,SSp-m,CTX_ET,L5,18869
18453_7813_x5799_y12199,18453_7813_x5799_y12199.swc,Cortex,ENTl,CTX_IT,L2/3,18453
18869_4625_x5853_y5391,18869_4625_x5853_y5391.swc,Cortex,SSp-n,CTX_ET,L5,18869
191812_2734_x6259_y10487,191812_2734_x6259_y10487.swc,Cortex,MOs,CTX_IT,,191812
18453_5343_x23330_y3366,18453_5343_x23330_y3366.swc,Cortex,RSPagl,CTX_IT,L2/3,18453
18453_6746_x8555_y4741,18453_6746_x8555_y4741.swc,Cortex,VISl,CTX_IT,L2/3,18453
18453_4725_x30684_y6703,18453_4725_x30684_y6703.swc,Cortex,SSp-bfd,CTX_IT,L2/3,18453
191812_5676_x8072_y26215,191812_5676_x8072_y26215.swc,Cortex,SSs,CTX_IT,,191812
18453_4221_x16935_y5165,18453_4221_x16935_y5165.swc,Cortex,MOp,CTX_IT,L2/3,18453
182725_2581_x9375_y21137,182725_2581_x9375_y21137.swc,Cortex,AIv,CTX_ET,L5,182725
18867_6007_x18415_y4843,18867_6007_x18415_y4843.swc,Cortex,RSPv,CTX_ET,L5,18867
191807_5062_x6404_y23808,191807_5062_x6404_y23808.swc,Cortex,SSs,CTX_ET,,191807
18453_5459_x9646_y5477,18453_5459_x9646_y5477.swc,Cortex,SSp-bfd,CTX_IT,L4,18453
182725_2241_x9113_y11193,182725_2241_x9113_y11193.swc,Cortex,MOs,CTX_ET,L5,182725
182724_2247_x6785_y11803,182724_2247_x6785_y11803.swc,Cortex,MOs,CTX_ET,,182724
18453_5841_x19468_y3419,18453_5841_x19468_y3419.swc,Cortex,RSPv,CTX_IT,L2/3,18453
18869_4091_x4807_y8065,18869_4091_x4807_y8065.swc,Cortex,SSs,CTX_ET,L5,18869
191812_2978_x7903_y22705,191812_2978_x7903_y22705.swc,Cortex,MOp,CTX_IT,,191812
191807_4821_x3698_y18726,191807_4821_x3698_y18726.swc,Cortex,SSp-ll,CTX_ET,,191807
18868_2593_x15801_y13755,18868_2593_x15801_y13755.swc,Cortex,ORBvl,CTX_ET,L5,18868
18453_6316_x30559_y4743,18453_6316_x30559_y4743.swc,Cortex,VISrl,CTX_IT,L2/3,18453
18869_5684_x13521_y3699,18869_5684_x13521_y3699.swc,Cortex,RSPv,CTX_ET,L5,18869
18864_4420_x4377_y8261,18864_4420_x4377_y8261.swc,Cortex,SSp-ul,CTX_IT,L4,18864
18867_4330_x29413_y7746,18867_4330_x29413_y7746.swc,Cortex,SSp-m,CTX_ET,L5,18867
191812_3438_x6058_y10197,191812_3438_x6058_y10197.swc,Cortex,MOp,CTX_IT,,191812
18868_4047_x27203_y7787,18868_4047_x27203_y7787.swc,Cortex,SSp-ul,CTX_ET,L5,18868
18869_5553_x7275_y3994,18869_5553_x7275_y3994.swc,Cortex,SSp-bfd,CTX_ET,L5,18869
18868_4341_x30419_y10114,18868_4341_x30419_y10114.swc,Cortex,SSp-n,CTX_ET,L5,18868
18868_5369_x19532_y5532,18868_5369_x19532_y5532.swc,Cortex,RSPv,CTX_ET,L5,18868
18868_6019_x9541_y5296,18868_6019_x9541_y5296.swc,Cortex,VISrl,CTX_ET,L5,18868
18864_1917_x3417_y12763,18864_1917_x3417_y12763.swc,Cortex,MOs,CTX_IT,L2/3,18864
18869_3659_x21701_y7032,18869_3659_x21701_y7032.swc,Cortex,SSp-m,CTX_ET,L5,18869
18867_5654_x12080_y5724,18867_5654_x12080_y5724.swc,Cortex,SSp-un,CTX_ET,L5,18867
18868_4041_x10632_y7193,18868_4041_x10632_y7193.swc,Cortex,SSp-ul,CTX_ET,L5,18868
18868_4434_x10947_y6887,18868_4434_x10947_y6887.swc,Cortex,SSp-ul,CTX_ET,L5,18868
18453_4497_x29287_y7176,18453_4497_x29287_y7176.swc,Cortex,SSp-bfd,CTX_IT,L4,18453
191812_5922_x4572_y8645,191812_5922_x4572_y8645.swc,Cortex,SSp-tr,CTX_IT,,191812
18869_4469_x21852_y5924,18869_4469_x21852_y5924.swc,Cortex,SSp-n,CTX_ET,L5,18869
18869_3239_x6605_y6691,18869_3239_x6605_y6691.swc,Cortex,SSp-m,CTX_ET,L5,18869
18868_5724_x8616_y5999,18868_5724_x8616_y5999.swc,Cortex,SSp-bfd,CTX_ET,L5,18868
18868_5983_x17523_y5085,18868_5983_x17523_y5085.swc,Cortex,RSPv,CTX_ET,L5,18868
18867_3801_x9223_y10977,18867_3801_x9223_y10977.swc,Cortex,SSp-m,CTX_ET,L5,18867
18867_5665_x20882_y6561,18867_5665_x20882_y6561.swc,Cortex,RSPv,CTX_ET,L5,18867
18864_4797_x9453_y2359,18864_4797_x9453_y2359.swc,Cortex,SSs,CTX_IT,L2/3,18864
18868_4863_x31402_y10126,18868_4863_x31402_y10126.swc,Cortex,SSs,CTX_ET,L5,18868
18453_3841_x9500_y7920,18453_3841_x9500_y7920.swc,Cortex,SSp-m,CTX_IT,L4,18453
18868_4549_x5910_y9879,18868_4549_x5910_y9879.swc,Cortex,SSp-m,CTX_ET,L5,18868
18864_4380_x6371_y4940,18864_4380_x6371_y4940.swc,Cortex,SSp-n,CTX_IT,L4,18864
18461_4178_x16825_y2713,18461_4178_x16825_y2713.swc,Cortex,MOp,CTX_IT,L2/3,18461
18868_5131_x7596_y7239,18868_5131_x7596_y7239.swc,Cortex,SSp-bfd,CTX_ET,L5,18868
18470_3227_x19287_y16117,18470_3227_x19287_y16117.swc,Cortex,SSp-m,CTX_ET,L5,18470
18867_6091_x30186_y6043,18867_6091_x30186_y6043.swc,Cortex,SSp-bfd,CTX_ET,L5,18867
18868_5141_x8535_y6876,18868_5141_x8535_y6876.swc,Cortex,SSp-bfd,CTX_ET,L5,18868
182725_5012_x5980_y10427,182725_5012_x5980_y10427.swc,Cortex,SSp-ll,CTX_ET,L5,182725
18047_2622_x11862_y12983,18047_2622_x11862_y12983.swc,Cortex,MOs,CTX_ET,L5,18047
18453_4496_x31014_y8304,18453_4496_x31014_y8304.swc,Cortex,SSp-n,CTX_IT,L4,18453
191812_4664_x8027_y25176,191812_4664_x8027_y25176.swc,Cortex,SSs,CTX_IT,L5,191812
18869_3547_x21769_y7449,18869_3547_x21769_y7449.swc,Cortex,SSp-m,CTX_ET,L5,18869
182724_3848_x8903_y23965,182724_3848_x8903_y23965.swc,Cortex,SSp-m,CTX_ET,,182724
18867_4768_x26326_y6150,18867_4768_x26326_y6150.swc,Cortex,SSp-ul,CTX_ET,L5,18867
18869_3761_x5335_y8118,18869_3761_x5335_y8118.swc,Cortex,SSs,CTX_ET,L5,18869
18864_3488_x3691_y22599,18864_3488_x3691_y22599.swc,Cortex,MOp,CTX_IT,L4,18864
18864_6057_x8520_y2391,18864_6057_x8520_y2391.swc,Cortex,AUDp,CTX_IT,L2/3,18864
18453_7010_x8769_y4509,18453_7010_x8769_y4509.swc,Cortex,VISp,CTX_IT,L2/3,18453
18453_7455_x32866_y9412,18453_7455_x32866_y9412.swc,Cortex,VISpor,CTX_IT,L2/3,18453
18869_5033_x23046_y6158,18869_5033_x23046_y6158.swc,Cortex,SSp-n,CTX_ET,L5,18869
18453_6708_x6437_y7833,18453_6708_x6437_y7833.swc,Cortex,AUDp,CTX_IT,L4,18453
18453_6576_x22528_y4353,18453_6576_x22528_y4353.swc,Cortex,RSPv,CTX_IT,L2/3,18453
18867_3469_x10058_y10954,18867_3469_x10058_y10954.swc,Cortex,MOp,CTX_ET,L5,18867
18867_5867_x21009_y6208,18867_5867_x21009_y6208.swc,Cortex,RSPv,CTX_ET,L5,18867
18869_3482_x7077_y5660,18869_3482_x7077_y5660.swc,Cortex,SSp-m,CTX_ET,L5,18869
17543_3705_x9619_y20864,17543_3705_x9619_y20864.swc,Cortex,SSp-m,CTX_IT,L4,17543
18869_4347_x8166_y4281,18869_4347_x8166_y4281.swc,Cortex,SSp-ul,CTX_ET,L5,18869
18867_4397_x8352_y9768,18867_4397_x8352_y9768.swc,Cortex,SSp-m,CTX_ET,L5,18867
182724_2494_x6419_y20983,182724_2494_x6419_y20983.swc,Cortex,MOs,CTX_ET,,182724
191812_6351_x5009_y7424,191812_6351_x5009_y7424.swc,Cortex,SSp-bfd,CTX_IT,,191812
18869_5213_x7186_y4274,18869_5213_x7186_y4274.swc,Cortex,SSp-bfd,CTX_ET,L5,18869
18461_5025_x23630_y4542,18461_5025_x23630_y4542.swc,Cortex,SSp-bfd,CTX_IT,L2/3,18461
18868_2584_x14386_y13639,18868_2584_x14386_y13639.swc,Cortex,ORBl,CTX_ET,L5,18868
18868_3875_x8707_y8341,18868_3875_x8707_y8341.swc,Cortex,SSp-m,CTX_ET,L5,18868
18867_6408_x9343_y6158,18867_6408_x9343_y6158.swc,Cortex,SSp-bfd,CTX_ET,L5,18867
18461_4545_x5749_y4914,18461_4545_x5749_y4914.swc,Cortex,SSp-m,CTX_IT,L2/3,18461
18867_4689_x11723_y7039,18867_4689_x11723_y7039.swc,Cortex,SSp-ul,CTX_ET,L5,18867
18455_4709_x21225_y13716,18455_4709_x21225_y13716.swc,Thalamus,IAD,TH_matrix,,18455
18458_00460,18458_00460.swc,Thalamus,VPM,TH_core,,18458
18458_00461,18458_00461.swc,Thalamus,VPM,TH_core,,18458
18463_00052,18463_00052.swc,Thalamus,VPL,TH_core,,18463
18455_00264,18455_00264.swc,Thalamus,VPM,TH_core,,18455
18465_00312,18465_00312.swc,Thalamus,MG,TH_core,,18465
18458_00549,18458_00549.swc,Thalamus,VPL,TH_core,,18458
18455_00263,18455_00263.swc,Thalamus,VPM,TH_core,,18455
18465_00313,18465_00313.swc,Thalamus,LD,TH_matrix,,18465
18458_00548,18458_00548.swc,Thalamus,VPM,TH_core,,18458
17545_00110,17545_00110.swc,Thalamus,VPM,TH_core,,17545
18463_00066,18463_00066.swc,Thalamus,VPM,TH_core,,18463
18455_00262,18455_00262.swc,Thalamus,VPM,TH_core,,18455
18458_00577,18458_00577.swc,Thalamus,VPM,TH_core,,18458
18463_00057,18463_00057.swc,Thalamus,LGd,TH_core,,18463
18463_00067,18463_00067.swc,Thalamus,VPM,TH_core,,18463
18455_00261,18455_00261.swc,Thalamus,VPM,TH_core,,18455
18465_00305,18465_00305.swc,Thalamus,VPL,TH_core,,18465
18458_00574,18458_00574.swc,Thalamus,MG,TH_core,,18458
18463_00056,18463_00056.swc,Thalamus,VPL,TH_core,,18463
18455_00260,18455_00260.swc,Thalamus,VPM,TH_core,,18455
18465_00328,18465_00328.swc,Thalamus,VPL,TH_core,,18465
18465_00304,18465_00304.swc,Thalamus,VPM,TH_core,,18465
18458_00575,18458_00575.swc,Thalamus,VPM,TH_core,,18458
18463_00055,18463_00055.swc,Thalamus,VPM,TH_core,,18463
18463_00054,18463_00054.swc,Thalamus,VPM,TH_core,,18463
18463_00062,18463_00062.swc,Thalamus,MG,TH_core,,18463
18458_00468,18458_00468.swc,Thalamus,VM,TH_matrix,,18458
18465_00300,18465_00300.swc,Thalamus,MG,TH_core,,18465
18463_00061,18463_00061.swc,Thalamus,MG,TH_core,,18463
18465_00303,18465_00303.swc,Thalamus,PoT,TH_core,,18465
18463_00058,18463_00058.swc,Thalamus,VPM,TH_core,,18463
18465_00302,18465_00302.swc,Thalamus,MG,TH_core,,18465
18463_00071,18463_00071.swc,Thalamus,VPL,TH_core,,18463
18465_00228,18465_00228.swc,Thalamus,VPL,TH_core,,18465
18465_00229,18465_00229.swc,Thalamus,VPM,TH_core,,18465
18463_00073,18463_00073.swc,Thalamus,VPL,TH_core,,18463
18465_00258,18465_00258.swc,Thalamus,SMT,TH_core,,18465
18458_00419,18458_00419.swc,Thalamus,VPL,TH_core,,18458
18463_00068,18463_00068.swc,Thalamus,VPM,TH_core,,18463
18463_00072,18463_00072.swc,Thalamus,MG,TH_core,,18463
18463_00069,18463_00069.swc,Thalamus,VPM,TH_core,,18463
18465_00241,18465_00241.swc,Thalamus,VPM,TH_core,,18465
18465_00242,18465_00242.swc,Thalamus,VPL,TH_core,,18465
18465_00238,18465_00238.swc,Thalamus,VPL,TH_core,,18465
18465_00243,18465_00243.swc,Thalamus,VPM,TH_core,,18465
18463_00001,18463_00001.swc,Thalamus,LGd,TH_core,,18463
18465_00245,18465_00245.swc,Thalamus,VM,TH_matrix,,18465
18465_00235,18465_00235.swc,Thalamus,VPL,TH_core,,18465
18463_00003,18463_00003.swc,Thalamus,VPM,TH_core,,18463
18458_00496,18458_00496.swc,Thalamus,VPL,TH_core,,18458
18465_00226,18465_00226.swc,Thalamus,VPL,TH_core,,18465
18465_00234,18465_00234.swc,Thalamus,VPM,TH_core,,18465
18465_00227,18465_00227.swc,Thalamus,VPM,TH_core,,18465
18465_00230,18465_00230.swc,Thalamus,VPM,TH_core,,18465
18465_00233,18465_00233.swc,Thalamus,VPL,TH_core,,18465
18457_00241,18457_00241.swc,Thalamus,SGN,TH_core,,18457
18458_00150,18458_00150.swc,Thalamus,LP,TH_matrix,,18458
18462_00013,18462_00013.swc,Thalamus,VPM,TH_core,,18462
18455_5730_x15780_y13638,18455_5730_x15780_y13638.swc,Thalamus,VPM,TH_core,,18455
18454_00154,18454_00154.swc,Thalamus,VPM,TH_core,,18454
18462_00016,18462_00016.swc,Thalamus,VPM,TH_core,,18462
18454_00155,18454_00155.swc,Thalamus,VPM,TH_core,,18454
18462_00017,18462_00017.swc,Thalamus,VPM,TH_core,,18462
18458_00125,18458_00125.swc,Thalamus,VPM,TH_core,,18458
18454_00156,18454_00156.swc,Thalamus,VPLpc,TH_core,,18454
18462_00014,18462_00014.swc,Thalamus,VPM,TH_core,,18462
18454_00157,18454_00157.swc,Thalamus,VPM,TH_core,,18454
18454_00147,18454_00147.swc,Thalamus,VPM,TH_core,,18454
18462_00015,18462_00015.swc,Thalamus,VPM,TH_core,,18462
18455_5507_x14812_y14221,18455_5507_x14812_y14221.swc,Thalamus,VPM,TH_core,,18455
18454_00150,18454_00150.swc,Thalamus,MG,TH_core,,18454
18454_00146,18454_00146.swc,Thalamus,VPM,TH_core,,18454
18454_00151,18454_00151.swc,Thalamus,VPLpc,TH_core,,18454
18454_00145,18454_00145.swc,Thalamus,VPM,TH_core,,18454
18458_00121,18458_00121.swc,Thalamus,VPM,TH_core,,18458
18454_00152,18454_00152.swc,Thalamus,VPM,TH_core,,18454
18454_00144,18454_00144.swc,Thalamus,VPLpc,TH_core,,18454
18455_5474_x14981_y13279,18455_5474_x14981_y13279.swc,Thalamus,VPM,TH_core,,18455
18458_00612,18458_00612.swc,Thalamus,LP,TH_matrix,,18458
18455_4982_x21552_y14337,18455_4982_x21552_y14337.swc,Thalamus,AM,TH_core,,18455
18462_00018,18462_00018.swc,Thalamus,VPM,TH_core,,18462
18454_00153,18454_00153.swc,Thalamus,VPM,TH_core,,18454
18454_00143,18454_00143.swc,Thalamus,VPLpc,TH_core,,18454
18462_00019,18462_00019.swc,Thalamus,VPM,TH_core,,18462
18454_00142,18454_00142.swc,Thalamus,VPLpc,TH_core,,18454
18458_00122,18458_00122.swc,Thalamus,VPM,TH_core,,18458
18454_00141,18454_00141.swc,Thalamus,VPLpc,TH_core,,18454
18454_00140,18454_00140.swc,Thalamus,VPM,TH_core,,18454
18458_00616,18458_00616.swc,Thalamus,SMT,TH_core,,18458
18458_00148,18458_00148.swc,Thalamus,LP,TH_matrix,,18458
18458_00615,18458_00615.swc,Thalamus,LD,TH_matrix,,18458
18454_00158,18454_00158.swc,Thalamus,VPM,TH_core,,18454
18458_00614,18458_00614.swc,Thalamus,LP,TH_matrix,,18458
18454_00159,18454_00159.swc,Thalamus,VPM,TH_core,,18454
18454_00169,18454_00169.swc,Thalamus,VPL,TH_core,,18454
18454_00168,18454_00168.swc,Thalamus,VPL,TH_core,,18454
18454_00060,18454_00060.swc,Thalamus,VPM,TH_core,,18454
18462_00029,18462_00029.swc,Thalamus,VPLpc,TH_core,,18462
18454_00170,18454_00170.swc,Thalamus,MG,TH_core,,18454
17545_00120,17545_00120.swc,CP,CP,CP_GPe,,17545
17545_00116,17545_00116.swc,CP,CP,CP_GPe,,17545
17545_00044,17545_00044.swc,CP,CP,CP_GPe,,17545
18464_00108,18464_00108.swc,CP,CP,CP_SNr,,18464
17545_00126,17545_00126.swc,CP,CP,CP_SNr,,17545
17545_00045,17545_00045.swc,CP,CP,CP_SNr,,17545
17545_00125,17545_00125.swc,CP,CP,CP_SNr,,17545
17545_00115,17545_00115.swc,CP,CP,CP_GPe,,17545
17545_00046,17545_00046.swc,CP,CP,CP_GPe,,17545
17545_00124,17545_00124.swc,CP,CP,CP_GPe,,17545
17545_00047,17545_00047.swc,CP,CP,CP_others,,17545
17545_00113,17545_00113.swc,CP,CP,CP_GPe,,17545
18463_00051,18463_00051.swc,CP,CP,CP_others,,18463
17545_00040,17545_00040.swc,CP,CP,CP_GPe,,17545
17545_00041,17545_00041.swc,CP,CP,CP_others,,17545
17545_00111,17545_00111.swc,CP,CP,CP_GPe,,17545
17545_00048,17545_00048.swc,CP,CP,CP_others,,17545
18458_00488,18458_00488.swc,CP,CP,CP_others,,18458
17545_00028,17545_00028.swc,CP,CP,CP_GPe,,17545
17545_00029,17545_00029.swc,CP,CP,CP_GPe,,17545
18867_4533_x14227_y15937,18867_4533_x14227_y15937.swc,CP,CP,CP_SNr,,18867
17545_00026,17545_00026.swc,CP,CP,CP_GPe,,17545
18463_00004,18463_00004.swc,CP,CP,CP_SNr,,18463
17545_00027,17545_00027.swc,CP,CP,CP_GPe,,17545
18463_00075,18463_00075.swc,CP,CP,CP_GPe,,18463
18463_00005,18463_00005.swc,CP,CP,CP_GPe,,18463
17545_00024,17545_00024.swc,CP,CP,CP_GPe,,17545
18463_00074,18463_00074.swc,CP,CP,CP_GPe,,18463
17545_00025,17545_00025.swc,CP,CP,CP_GPe,,17545
18463_00007,18463_00007.swc,CP,CP,CP_SNr,,18463
17545_00023,17545_00023.swc,CP,CP,CP_GPe,,17545
18465_00219,18465_00219.swc,CP,CP,CP_SNr,,18465
18462_00005,18462_00005.swc,CP,CP,CP_GPe,,18462
18462_00007,18462_00007.swc,CP,CP,CP_GPe,,18462
18455_3718_x10944_y12140,18455_3718_x10944_y12140.swc,CP,CP,CP_SNr,,18455
18462_00009,18462_00009.swc,CP,CP,CP_GPe,,18462
18454_00111,18454_00111.swc,CP,CP,CP_SNr,,18454
18454_00002,18454_00002.swc,CP,CP,CP_SNr,,18454
18454_00003,18454_00003.swc,CP,CP,CP_SNr,,18454
18454_00174,18454_00174.swc,CP,CP,CP_SNr,,18454
18454_00015,18454_00015.swc,CP,CP,CP_GPe,,18454
18454_00014,18454_00014.swc,CP,CP,CP_SNr,,18454
18454_00017,18454_00017.swc,CP,CP,CP_GPe,,18454
18454_00004,18454_00004.swc,CP,CP,CP_GPe,,18454
18454_00016,18454_00016.swc,CP,CP,CP_GPe,,18454
18454_00011,18454_00011.swc,CP,CP,CP_GPe,,18454
18454_00010,18454_00010.swc,CP,CP,CP_GPe,,18454
18867_4724_x12558_y16835,18867_4724_x12558_y16835.swc,CP,CP,CP_SNr,,18867
18455_4619_x10185_y12182,18455_4619_x10185_y12182.swc,CP,CP,CP_GPe,,18455
18454_00009,18454_00009.swc,CP,CP,CP_SNr,,18454
17781_5361_x17741_y11849,17781_5361_x17741_y11849.swc,CP,CP,CP_GPe,,17781
18454_00018,18454_00018.swc,CP,CP,CP_SNr,,18454
18457_00087,18457_00087.swc,CP,CP,CP_SNr,,18457
18454_00049,18454_00049.swc,CP,CP,CP_GPe,,18454
18457_00078,18457_00078.swc,CP,CP,CP_others,,18457
18457_00079,18457_00079.swc,CP,CP,CP_SNr,,18457
18457_00080,18457_00080.swc,CP,CP,CP_SNr,,18457
18457_00082,18457_00082.swc,CP,CP,CP_SNr,,18457
18454_00093,18454_00093.swc,CP,CP,CP_SNr,,18454
18455_00009,18455_00009.swc,CP,CP,CP_GPe,,18455
18455_00041,18455_00041.swc,CP,CP,CP_GPe,,18455
18458_00386,18458_00386.swc,CP,CP,CP_GPe,,18458
18455_00008,18455_00008.swc,CP,CP,CP_GPe,,18455
18455_00040,18455_00040.swc,CP,CP,CP_GPe,,18455
18457_00008,18457_00008.swc,CP,CP,CP_SNr,,18457
18465_00168,18465_00168.swc,CP,CP,CP_SNr,,18465
18455_00012,18455_00012.swc,CP,CP,CP_GPe,,18455
18455_00013,18455_00013.swc,CP,CP,CP_GPe,,18455
18457_00005,18457_00005.swc,CP,CP,CP_others,,18457
18455_00014,18455_00014.swc,CP,CP,CP_GPe,,18455
18455_00002,18455_00002.swc,CP,CP,CP_GPe,,18455
18457_00076,18457_00076.swc,CP,CP,CP_SNr,,18457
18457_00004,18457_00004.swc,CP,CP,CP_GPe,,18457
18457_00077,18457_00077.swc,CP,CP,CP_others,,18457
18457_00007,18457_00007.swc,CP,CP,CP_GPe,,18457
18455_00016,18455_00016.swc,CP,CP,CP_GPe,,18455
18455_00172,18455_00172.swc,CP,CP,CP_GPe,,18455
18454_01078,18454_01078.swc,CP,CP,CP_GPe,,18454
18457_00014,18457_00014.swc,CP,CP,CP_SNr,,18457
18457_00006,18457_00006.swc,CP,CP,CP_GPe,,18457
18455_00007,18455_00007.swc,CP,CP,CP_GPe,,18455
18457_00015,18457_00015.swc,CP,CP,CP_GPe,,18457
18457_00001,18457_00001.swc,CP,CP,CP_GPe,,18457
18455_00005,18455_00005.swc,CP,CP,CP_GPe,,18455
18457_00003,18457_00003.swc,CP,CP,CP_GPe,,18457
18455_00004,18455_00004.swc,CP,CP,CP_GPe,,18455
18457_00002,18457_00002.swc,CP,CP,CP_GPe,,18457
18455_00110,18455_00110.swc,CP,CP,CP_SNr,,18455
18465_00040,18465_00040.swc,CP,CP,CP_SNr,,18465
17302_00093,17302_00093.swc,CP,CP,CP_SNr,,17302
17302_00043,17302_00043.swc,CP,CP,CP_GPe,,17302
18465_00041,18465_00041.swc,CP,CP,CP_GPe,,18465
18465_00046,18465_00046.swc,CP,CP,CP_GPe,,18465
18457_00140,18457_00140.swc,CP,CP,CP_GPe,,18457
17302_00091,17302_00091.swc,CP,CP,CP_GPe,,17302
17302_00085,17302_00085.swc,CP,CP,CP_GPe,,17302
17302_00045,17302_00045.swc,CP,CP,CP_GPe,,17302
18457_00141,18457_00141.swc,CP,CP,CP_GPe,,18457
17302_00096,17302_00096.swc,CP,CP,CP_GPe,,17302
18457_00139,18457_00139.swc,CP,CP,CP_GPe,,18457
