swc_file,number_of_nodes,soma_surface,number_of_stems,number_of_bifurcations,number_of_branches,number_of_tips,overall_width,overall_height,overall_depth,average_diameter,total_length,total_surface,total_volume,max_euclidean_distance,max_path_distance,max_branch_order,average_contraction,average_fragmentation,average_parent_daughter_ratio,average_bifurcation_angle_local,average_bifurcation_angle_remote,hausdorff_dimension
17302_00043.swc,1659.0,12.5664,7.0,24.0,53.0,30.0,275.55,260.93,251.39,1.99879,3212.49,20184.7,10092.3,194.057,238.783,7.0,0.885722,30.283,1.0,66.3692,60.6798,1.0912
17302_00045.swc,1235.0,12.5664,5.0,17.0,37.0,21.0,216.07,239.69,275.88,1.99838,2403.39,15101.0,7550.48,192.02,223.997,5.0,0.877969,32.3514,1.0,64.5854,78.6242,1.07194
17302_00085.swc,1584.0,12.5664,6.0,16.0,36.0,21.0,213.0,239.22,283.8,1.99874,3086.97,19396.0,9697.99,197.546,234.241,6.0,0.870697,42.9722,1.0,80.6225,91.4918,1.07849
17302_00091.swc,1321.0,12.5664,6.0,18.0,40.0,23.0,189.48,185.76,238.34,1.99849,2566.42,16125.3,8062.64,140.841,187.108,5.0,0.87714,32.0,1.0,57.9621,74.2562,1.12298
17302_00093.swc,1691.0,12.5664,4.0,25.0,52.0,28.0,245.48,210.03,220.7,1.99882,3280.65,20612.9,10306.5,156.481,224.855,5.0,0.884923,31.5,1.0,69.774,66.9627,1.08831
17302_00096.swc,1266.0,12.5664,4.0,20.0,42.0,23.0,209.53,316.96,145.95,1.99842,2442.98,15349.7,7674.85,170.553,203.553,6.0,0.881312,29.119,1.0,55.5853,52.2592,1.11461
17543_3705_x9619_y20864.swc,1928.0,12.5664,6.0,33.0,70.0,38.0,205.13,184.56,209.479,1.99896,3739.15,23493.8,11746.9,182.057,204.866,7.0,0.900059,26.5286,1.0,69.0993,61.3577,1.16025
17545_00023.swc,1490.0,12.5664,4.0,24.0,50.0,27.0,183.92,234.03,152.59,1.99866,2870.29,18034.6,9017.29,153.728,167.522,7.0,0.858472,28.78,1.0,69.039,77.926,1.09447
17545_00024.swc,1669.0,12.5664,5.0,20.0,43.0,24.0,292.22,221.47,189.949,1.9988,3241.12,20364.6,10182.3,171.023,207.545,8.0,0.876471,37.7907,1.0,60.6303,74.6706,1.13643
17545_00025.swc,1243.0,12.5664,3.0,16.0,33.0,18.0,226.13,225.85,201.28,1.99839,2399.43,15076.1,7538.03,180.047,227.436,6.0,0.849303,36.6364,1.0,57.6932,48.7587,1.07353
17545_00026.swc,1627.0,12.5664,7.0,17.0,39.0,23.0,179.43,257.28,197.62,1.99877,3148.7,19783.9,9891.94,162.249,189.34,8.0,0.864837,40.6923,1.0,76.4409,69.7577,1.1321
17545_00027.swc,1812.0,12.5664,7.0,30.0,65.0,36.0,304.68,290.33,166.601,1.9989,3504.69,22020.6,11010.3,196.36,251.697,8.0,0.865401,26.8615,1.0,72.898,69.5603,1.10789
17545_00028.swc,1858.0,12.5664,3.0,41.0,83.0,43.0,176.55,283.09,165.221,1.99892,3564.38,22395.7,11197.8,164.84,199.986,9.0,0.880352,21.3735,1.0,70.8944,74.9229,1.10565
17545_00029.swc,1665.0,12.5664,8.0,18.0,42.0,25.0,223.92,256.53,218.17,1.9988,3236.04,20332.7,10166.3,149.04,197.128,4.0,0.856255,38.619,1.0,84.2202,55.6699,1.1092
17545_00040.swc,1300.0,12.5664,5.0,22.0,47.0,26.0,191.13,252.6,207.47,1.99846,2493.35,15666.2,7833.08,193.209,255.833,6.0,0.863353,26.6383,1.0,78.0486,68.0364,1.0738
17545_00041.swc,1841.0,12.5664,7.0,21.0,47.0,27.0,217.7,307.77,244.01,1.99891,3551.72,22316.1,11158.0,195.314,249.729,6.0,0.854073,38.1489,1.0,78.8378,82.3319,1.09232
17545_00044.swc,1543.0,12.5664,4.0,20.0,42.0,23.0,291.17,266.32,240.78,1.9987,2992.88,18804.8,9402.42,169.001,222.753,7.0,0.853005,35.7143,1.0,49.8237,77.7507,1.07925
17545_00045.swc,1869.0,12.5664,4.0,24.0,50.0,27.0,247.57,282.04,277.28,1.99893,3640.13,22871.6,11435.8,172.622,207.454,6.0,0.889406,36.36,1.0,73.6922,70.5347,1.069
17545_00046.swc,560.0,12.5664,5.0,10.0,23.0,14.0,134.82,182.23,123.029,1.99643,1069.01,6716.79,3358.4,109.364,134.177,4.0,0.848715,23.3043,1.0,76.3988,89.4191,1.06018
17545_00047.swc,1428.0,12.5664,3.0,24.0,49.0,26.0,223.47,216.94,208.74,1.9986,2759.85,17340.7,8670.33,170.709,229.674,9.0,0.86975,28.1224,1.0,72.5309,84.0538,1.07107
17545_00048.swc,1557.0,12.5664,3.0,31.0,63.0,33.0,187.33,216.39,237.2,1.99872,2980.81,18729.0,9364.48,163.665,211.284,8.0,0.859313,23.6984,1.0,67.7186,88.4553,1.11461
17545_00110.swc,2897.0,12.5664,10.0,44.0,96.0,53.0,235.13,229.53,227.9,1.99931,5618.02,35299.1,17649.5,156.454,180.685,7.0,0.911582,29.1667,1.0,64.2721,44.9039,1.15899
17545_00111.swc,1443.0,12.5664,4.0,25.0,52.0,28.0,215.85,231.84,250.54,1.99861,2790.74,17534.7,8767.35,149.332,232.968,7.0,0.874012,26.7308,1.0,62.2157,77.0443,1.12244
17545_00113.swc,1278.0,12.5664,3.0,20.0,41.0,22.0,280.63,170.65,258.78,1.99844,2471.36,15528.0,7764.01,181.973,231.565,6.0,0.854571,30.1463,1.0,51.0057,70.4162,1.09559
17545_00115.swc,1622.0,12.5664,4.0,20.0,42.0,23.0,160.12,298.18,244.52,1.99877,3136.5,19707.2,9853.6,186.262,234.521,5.0,0.839334,37.5952,1.0,81.1754,78.156,1.13405
17545_00116.swc,1751.0,12.5664,6.0,19.0,42.0,24.0,323.62,242.63,275.27,1.99886,3409.18,21420.5,10710.2,184.998,224.269,5.0,0.865725,40.6667,1.0,72.3089,73.6921,1.06836
17545_00120.swc,1641.0,12.5664,6.0,19.0,42.0,24.0,264.25,276.3,214.92,1.99878,3196.27,20082.8,10041.4,204.027,255.307,5.0,0.862116,38.0476,1.0,81.3287,75.0553,1.07349
17545_00124.swc,1833.0,12.5664,4.0,28.0,58.0,31.0,259.68,247.02,248.65,1.99891,3545.56,22277.4,11138.7,152.798,197.249,6.0,0.869213,30.5862,1.0,73.2654,73.1131,1.09006
17545_00125.swc,1495.0,12.5664,5.0,22.0,47.0,26.0,216.02,236.42,256.02,1.99866,2887.77,18144.4,9072.19,190.224,217.753,5.0,0.874561,30.7872,1.0,78.6398,69.3672,1.04162
17545_00126.swc,1478.0,12.5664,4.0,19.0,40.0,22.0,228.7,226.68,214.55,1.99865,2868.47,18023.1,9011.57,151.309,206.564,6.0,0.874094,35.925,1.0,88.1411,69.9688,1.0995
17781_5361_x17741_y11849.swc,2626.0,12.5664,7.0,34.0,73.0,40.0,247.3,333.15,227.3,1.99924,5107.75,32092.9,16046.5,194.28,218.833,7.0,0.88738,34.9589,1.0,73.0958,62.7626,1.09994
18047_2622_x11862_y12983.swc,4960.0,12.5664,4.0,42.0,86.0,45.0,675.14,1048.27,674.17,1.9996,9717.45,61056.6,30528.3,861.574,1140.65,12.0,0.8361,56.6628,1.0,76.4446,68.3583,1.10075
182724_2247_x6785_y11803.swc,8892.0,12.5664,10.0,99.0,206.0,108.0,741.51,882.89,683.64,1.99978,17424.2,109479.0,54739.6,766.945,1002.66,34.0,0.920139,42.1602,1.0,77.4866,63.2675,1.20738
182724_2494_x6419_y20983.swc,7803.0,12.5664,7.0,85.0,175.0,91.0,554.98,847.4,663.16,1.99974,15312.0,96208.4,48104.2,653.849,831.075,28.0,0.923869,43.5829,1.0,72.3916,66.6678,1.19742
182724_2525_x8483_y21088.swc,5932.0,12.5664,11.0,89.0,187.0,99.0,720.42,579.72,627.78,1.99966,11584.0,72784.6,36392.3,679.575,926.858,36.0,0.934239,30.7166,1.0,76.7541,66.2418,1.22722
182724_3848_x8903_y23965.swc,4970.0,12.5664,8.0,71.0,148.0,78.0,390.25,442.67,704.35,1.9996,9718.94,61065.9,30532.9,642.041,877.597,23.0,0.928562,32.5743,1.0,77.9569,72.3414,1.21411
182725_2241_x9113_y11193.swc,9173.0,12.5664,8.0,109.0,224.0,116.0,551.35,665.56,806.44,1.99978,17894.6,112435.0,56217.7,628.807,904.014,32.0,0.901855,39.9464,1.0,69.1472,66.4762,1.23524
182725_2581_x9375_y21137.swc,7390.0,12.5664,9.0,75.0,157.0,83.0,766.23,762.27,549.75,1.99973,14409.4,90537.1,45268.6,674.871,985.52,22.0,0.898245,46.0637,1.0,66.175,65.7132,1.17928
182725_5012_x5980_y10427.swc,6478.0,12.5664,10.0,92.0,192.0,101.0,470.67,720.825,432.18,1.99969,12589.7,79103.3,39551.7,646.339,832.609,29.0,0.908771,32.7344,1.0,76.2518,62.0991,1.23524
18453_3186_x12745_y7108.swc,3783.0,12.5664,6.0,76.0,156.0,81.0,378.38,331.92,345.61,1.99947,7315.89,45967.1,22983.5,315.014,402.342,13.0,0.92464,23.2436,1.0,66.2262,56.3331,1.12378
18453_3704_x10450_y7387.swc,2866.0,12.5664,6.0,51.0,106.0,56.0,280.87,420.32,395.95,1.9993,5571.04,35003.9,17502.0,401.151,444.23,11.0,0.917367,26.0283,1.0,73.627,64.769,1.18761
18453_3841_x9500_y7920.swc,1172.0,12.5664,2.0,23.0,46.0,24.0,198.71,182.16,161.34,1.99829,2274.77,14292.8,7146.39,142.675,172.935,7.0,0.906371,24.4565,1.0,58.0485,71.9607,1.06116
18453_4221_x16935_y5165.swc,2972.0,12.5664,10.0,38.0,84.0,47.0,302.58,451.525,308.72,1.99933,5791.47,36388.9,18194.4,363.106,446.409,8.0,0.908032,34.369,1.0,77.2899,66.4245,1.15151
18453_4496_x31014_y8304.swc,1331.0,12.5664,4.0,26.0,54.0,29.0,172.88,197.85,169.37,1.9985,2583.36,16231.7,8115.85,144.481,161.604,6.0,0.914926,23.6296,1.0,82.0577,77.39,1.04919
18453_4497_x29287_y7176.swc,948.0,12.5664,2.0,22.0,44.0,23.0,179.67,152.63,112.8,1.99789,1830.73,11502.8,5751.4,161.956,185.247,7.0,0.912917,20.5227,1.0,70.2349,62.6469,1.13804
18453_4725_x30684_y6703.swc,4231.0,12.5664,8.0,71.0,148.0,78.0,408.79,359.47,365.399,1.99953,8237.6,51758.4,25879.2,279.998,372.027,10.0,0.918763,27.5811,1.0,70.8901,60.0631,1.17738
18453_5343_x23330_y3366.swc,2458.0,12.5664,5.0,36.0,75.0,40.0,302.86,396.3,282.68,1.99919,4773.32,29991.7,14995.8,319.333,384.755,10.0,0.920015,31.76,1.0,67.1092,67.1115,1.07554
18453_5459_x9646_y5477.swc,1082.0,12.5664,5.0,23.0,49.0,27.0,173.67,174.82,159.0,1.99815,2106.48,13235.4,6617.71,128.439,147.936,6.0,0.923974,21.0612,1.0,86.3651,69.8424,1.04595
18453_5841_x19468_y3419.swc,891.0,12.5664,4.0,15.0,32.0,18.0,256.04,206.718,207.71,1.99776,1727.18,10852.2,5426.11,164.461,294.104,5.0,0.894321,26.8125,1.0,76.7379,70.2952,1.12287
18453_6229_x34471_y10482.swc,3193.0,12.5664,8.0,50.0,106.0,57.0,307.0,324.02,270.8,1.99937,6208.81,39011.1,19505.6,242.175,326.664,13.0,0.901757,29.1132,1.0,77.0626,65.2468,1.10802
18453_6316_x30559_y4743.swc,2707.0,12.5664,6.0,58.0,120.0,63.0,369.01,351.075,422.52,1.99926,5238.68,32915.6,16457.8,413.718,460.695,11.0,0.917418,21.55,1.0,89.1695,74.9125,1.18328
18453_6576_x22528_y4353.swc,726.0,12.5664,4.0,18.0,38.0,21.0,211.75,158.45,248.9,1.99725,1391.48,8742.9,4371.45,160.102,217.723,5.0,0.885882,18.0789,1.0,97.3655,90.3456,1.09843
18453_6604_x9161_y4006.swc,3869.0,12.5664,8.0,65.0,136.0,72.0,365.11,346.495,306.82,1.99948,7538.85,47368.0,23684.0,306.279,366.834,11.0,0.914637,27.4412,1.0,64.7717,61.9709,1.11518
18453_6708_x6437_y7833.swc,1132.0,12.5664,4.0,17.0,36.0,20.0,208.32,420.02,276.98,1.99823,2214.91,13916.7,6958.34,327.972,363.74,6.0,0.912004,30.4167,1.0,79.1976,67.297,1.07855
18453_6746_x8555_y4741.swc,3388.0,12.5664,8.0,55.0,116.0,62.0,317.17,372.5,402.91,1.99941,6595.13,41438.4,20719.2,307.18,385.747,11.0,0.924366,28.1983,1.0,76.3267,73.1881,1.07583
18453_7010_x8769_y4509.swc,2928.0,12.5664,7.0,50.0,105.0,56.0,464.29,317.95,359.58,1.99932,5709.07,35871.1,17935.6,300.47,371.7,11.0,0.923402,26.8762,1.0,82.6406,71.1656,1.14032
18453_7245_x12979_y2864.swc,2522.0,12.5664,6.0,34.0,72.0,39.0,326.65,310.475,371.12,1.99921,4943.92,31063.6,15531.8,255.917,352.968,7.0,0.914387,34.0139,1.0,68.1381,65.1668,1.07838
18453_7455_x32866_y9412.swc,1877.0,12.5664,6.0,32.0,68.0,37.0,355.33,275.5,290.25,1.99893,3621.45,22754.2,11377.1,231.425,310.097,8.0,0.88282,26.5882,1.0,70.6113,67.8727,1.11211
18453_7813_x5799_y12199.swc,4873.0,12.5664,5.0,55.0,113.0,59.0,568.609,652.85,456.827,1.99959,9516.31,59792.7,29896.4,403.538,489.354,11.0,0.886225,42.115,1.0,69.4191,56.406,1.10952
18454_00002.swc,1014.0,12.5664,3.0,20.0,41.0,22.0,136.7,289.64,132.47,1.99803,1968.92,12371.1,6185.53,182.853,200.554,6.0,0.908814,23.7073,1.0,52.9163,66.2795,1.14656
18454_00003.swc,2802.0,12.5664,5.0,45.0,93.0,49.0,380.98,320.82,201.109,1.99929,5460.49,34309.3,17154.6,205.788,238.278,7.0,0.8799,29.1183,1.0,59.6311,61.3691,1.09118
18454_00004.swc,2526.0,12.5664,5.0,36.0,75.0,40.0,340.52,209.8,434.45,1.99921,4930.53,30979.4,15489.7,336.607,439.151,7.0,0.897031,32.6667,1.0,52.8558,57.5894,1.14304
18454_00009.swc,1411.0,12.5664,2.0,20.0,40.0,21.0,198.6,283.82,310.72,1.99858,2753.8,17302.6,8651.31,231.502,249.495,8.0,0.879266,34.25,1.0,71.0399,73.8324,1.09913
18454_00010.swc,1425.0,12.5664,4.0,18.0,38.0,21.0,208.61,366.11,270.37,1.9986,2784.85,17497.7,8748.85,223.995,263.04,7.0,0.871649,36.4737,1.0,58.5288,64.0611,1.08586
18454_00011.swc,952.0,12.5664,6.0,12.0,28.0,17.0,240.8,143.81,223.41,1.9979,1853.47,11645.7,5822.83,137.87,179.609,3.0,0.857685,32.9643,1.0,71.0013,67.3771,1.0492
18454_00014.swc,2333.0,12.5664,6.0,32.0,68.0,37.0,364.91,284.28,289.38,1.99914,4547.43,28572.3,14286.2,216.969,229.638,6.0,0.879842,33.2941,1.0,37.5896,56.8215,1.08412
18454_00015.swc,1666.0,12.5664,4.0,22.0,46.0,25.0,322.63,247.17,250.13,1.9988,3249.84,20419.3,10209.7,203.359,237.894,6.0,0.876668,35.1957,1.0,44.5077,62.0541,1.06189
18454_00016.swc,1468.0,12.5664,7.0,15.0,35.0,21.0,324.63,200.89,274.58,1.99864,2882.44,18110.9,9055.46,196.41,231.21,5.0,0.892942,40.9143,1.0,61.6125,67.3526,1.0465
18454_00017.swc,1152.0,12.5664,3.0,14.0,29.0,16.0,170.3,260.94,263.89,1.99826,2232.45,14026.9,7013.44,159.827,252.432,5.0,0.839896,38.6897,1.0,56.6384,86.3721,1.11106
18454_00018.swc,1276.0,12.5664,5.0,21.0,45.0,25.0,269.3,108.54,188.97,1.99843,2480.09,15582.9,7791.45,148.293,166.102,6.0,0.854587,27.3333,1.0,55.2699,60.3267,1.11165
18454_00049.swc,1087.0,12.5664,4.0,12.0,26.0,15.0,128.0,256.4,243.55,1.99816,2120.03,13320.5,6660.26,169.484,207.967,5.0,0.874023,40.7692,1.0,64.0754,70.7038,1.05441
18454_00060.swc,2882.0,12.5664,8.0,41.0,88.0,48.0,252.68,315.27,383.2,1.99931,5634.52,35402.7,17701.4,221.638,244.804,8.0,0.919209,31.7386,1.0,60.5599,57.5086,1.09496
18454_00093.swc,858.0,12.5664,5.0,17.0,37.0,21.0,104.06,183.61,125.89,1.99767,1658.25,10419.1,5209.56,132.796,162.884,6.0,0.8478,22.1622,1.0,47.004,67.8395,1.10923
18454_00111.swc,2245.0,12.5664,5.0,34.0,71.0,38.0,346.46,273.3,224.53,1.99911,4374.07,27483.1,13741.6,200.052,212.95,6.0,0.910192,30.6056,1.0,58.4365,62.3525,1.07814
18454_00140.swc,2410.0,12.5664,10.0,42.0,92.0,51.0,192.1,222.77,211.3,1.99917,4702.81,29548.6,14774.3,145.647,164.59,7.0,0.932971,25.1848,1.0,69.8129,55.8337,1.0772
18454_00141.swc,3703.0,12.5664,8.0,59.0,124.0,66.0,238.6,247.88,300.72,1.99946,7225.63,45400.0,22700.0,172.012,290.477,12.0,0.919704,28.8548,1.0,80.5117,62.4932,1.14061
18454_00142.swc,4448.0,12.5664,7.0,68.0,141.0,74.0,260.97,330.0,288.7,1.99955,8683.62,54560.8,27280.4,190.657,236.446,9.0,0.908394,30.539,1.0,65.1121,55.7201,1.1373
18454_00143.swc,2982.0,12.5664,8.0,45.0,96.0,52.0,276.8,228.74,237.0,1.99933,5813.67,36528.4,18264.2,165.925,206.757,9.0,0.884856,30.0521,1.0,69.856,58.3655,1.16867
18454_00144.swc,3154.0,12.5664,7.0,43.0,91.0,49.0,326.25,291.28,222.6,1.99937,6173.87,38791.6,19395.8,197.085,230.699,8.0,0.905775,33.6484,1.0,65.5391,54.2361,1.13685
18454_00145.swc,1909.0,12.5664,6.0,40.0,84.0,45.0,208.4,190.73,154.05,1.99895,3702.86,23265.8,11632.9,136.903,188.51,8.0,0.907046,21.7143,1.0,69.282,52.4728,1.12996
18454_00146.swc,3269.0,12.5664,9.0,63.0,133.0,71.0,229.93,253.65,221.27,1.99939,6367.28,40006.8,20003.4,150.047,167.385,9.0,0.942594,23.5714,1.0,70.3148,48.6719,1.18775
18454_00147.swc,3880.0,12.5664,6.0,58.0,120.0,63.0,264.43,321.72,265.47,1.99948,7572.16,47577.3,23788.6,173.155,414.205,12.0,0.902739,31.325,1.0,80.2765,59.816,1.15589
18454_00150.swc,2361.0,12.5664,12.0,26.0,62.0,37.0,275.92,238.47,244.97,1.99915,4623.86,29052.5,14526.3,201.703,234.703,7.0,0.87727,37.0645,1.0,85.3839,53.35,1.152
18454_00151.swc,3072.0,12.5664,7.0,39.0,83.0,45.0,349.69,283.69,228.05,1.99935,6006.61,37740.7,18870.3,238.502,250.928,7.0,0.8702,36.0,1.0,69.3436,49.7124,1.14452
18454_00152.swc,2722.0,12.5664,8.0,48.0,102.0,55.0,280.43,241.63,214.15,1.99927,5301.46,33310.1,16655.0,164.863,207.185,8.0,0.908241,25.6765,1.0,61.2715,54.5819,1.17166
18454_00153.swc,3148.0,12.5664,7.0,45.0,95.0,51.0,210.41,268.55,262.42,1.99936,6149.51,38638.5,19319.3,162.287,206.825,8.0,0.893741,32.1263,1.0,76.9912,46.8178,1.15063
18454_00154.swc,2559.0,12.5664,12.0,36.0,82.0,47.0,230.7,288.62,232.93,1.99922,5004.78,31445.9,15723.0,189.246,217.196,6.0,0.910428,30.1951,1.0,69.8607,54.4469,1.12663
18454_00155.swc,3053.0,12.5664,12.0,53.0,116.0,64.0,227.52,267.91,199.83,1.99934,5978.79,37565.9,18782.9,162.401,177.5,8.0,0.927577,25.3103,1.0,62.492,50.6424,1.14309
18454_00156.swc,4191.0,12.5664,9.0,70.0,147.0,78.0,244.77,305.88,257.38,1.99952,8189.73,51457.6,25728.8,162.818,188.23,7.0,0.928672,27.5034,1.0,69.8447,55.9109,1.15839
18454_00157.swc,3683.0,12.5664,8.0,58.0,122.0,65.0,276.17,301.15,270.65,1.99946,7187.48,45160.3,22580.1,174.318,191.857,8.0,0.923093,29.1803,1.0,59.4542,49.7774,1.12844
18454_00158.swc,3453.0,12.5664,10.0,40.0,88.0,49.0,239.9,300.97,294.42,1.99942,6775.78,42573.5,21286.7,192.06,250.262,6.0,0.893959,38.2273,1.0,77.3474,50.4033,1.15777
18454_00159.swc,5025.0,12.5664,10.0,80.0,168.0,89.0,279.45,306.5,270.27,1.9996,9840.07,61827.0,30913.5,191.645,212.907,8.0,0.914732,28.9048,1.0,65.739,56.3304,1.17241
18454_00168.swc,3993.0,12.5664,8.0,59.0,124.0,66.0,278.6,365.15,284.67,1.9995,7834.23,49223.9,24612.0,223.377,271.847,8.0,0.931578,31.1935,1.0,65.4622,50.9951,1.16174
18454_00169.swc,5198.0,12.5664,5.0,83.0,169.0,87.0,380.25,346.33,362.6,1.99962,10165.3,63870.5,31935.2,253.91,301.342,12.0,0.932311,29.7515,1.0,53.981,49.8541,1.18074
18454_00170.swc,2050.0,12.5664,5.0,36.0,75.0,40.0,227.79,238.08,145.2,1.99902,3980.79,25012.0,12506.0,157.32,323.588,9.0,0.896551,26.32,1.0,87.2955,72.4787,1.15033
18454_00174.swc,1368.0,12.5664,4.0,22.0,46.0,25.0,273.19,288.1,142.38,1.99854,2659.5,16710.1,8355.05,204.218,251.797,7.0,0.836608,28.7174,1.0,42.7809,59.4913,1.12425
18454_01078.swc,1278.0,12.5664,3.0,17.0,35.0,19.0,298.3,209.26,307.97,1.99844,2490.79,15650.1,7825.05,172.632,221.93,6.0,0.9133,35.4857,1.0,53.8458,59.4246,1.09036
18455_00002.swc,966.0,12.5664,7.0,15.0,35.0,21.0,82.48,277.73,125.95,1.99793,1880.0,11812.4,5906.19,155.099,190.257,4.0,0.866589,26.5714,1.0,45.1461,93.8081,1.18813
18455_00004.swc,945.0,12.5664,3.0,16.0,33.0,18.0,166.43,151.0,206.52,1.99788,1840.32,11563.1,5781.54,150.911,235.313,5.0,0.874414,27.6061,1.0,49.6253,77.7093,1.09984
18455_00005.swc,1143.0,12.5664,4.0,16.0,34.0,19.0,286.7,190.0,272.5,1.99825,2234.65,14040.7,7020.35,190.053,236.217,5.0,0.913562,32.5882,1.0,84.9277,93.5364,1.06945
18455_00007.swc,1206.0,12.5664,3.0,21.0,43.0,23.0,352.05,163.01,152.83,1.99834,2334.8,14670.0,7334.99,187.278,238.312,6.0,0.883451,27.0233,1.0,53.3641,63.8445,1.07752
18455_00008.swc,1089.0,12.5664,3.0,18.0,37.0,20.0,269.42,216.47,204.49,1.99816,2122.43,13335.6,6667.81,181.243,210.841,5.0,0.890819,28.4054,1.0,42.9024,74.2089,1.08677
18455_00009.swc,1280.0,12.5664,5.0,15.0,33.0,19.0,255.49,242.02,256.02,1.99844,2505.06,15739.7,7869.87,166.327,206.211,5.0,0.860472,37.7576,1.0,60.8996,88.9897,1.09402
18455_00012.swc,1393.0,12.5664,6.0,18.0,40.0,23.0,318.34,190.31,238.84,1.99856,2716.91,17070.9,8535.43,191.711,244.25,6.0,0.880183,33.8,1.0,75.5311,62.1315,1.07743
18455_00013.swc,1313.0,12.5664,5.0,17.0,37.0,21.0,318.55,189.6,220.22,1.99848,2558.71,16076.9,8038.44,207.334,256.739,4.0,0.847317,34.4595,1.0,61.9047,67.4643,1.08292
18455_00014.swc,1220.0,12.5664,4.0,18.0,38.0,21.0,176.1,253.51,217.45,1.99836,2375.79,14927.5,7463.77,208.649,266.257,8.0,0.867265,31.0789,1.0,47.7426,66.2568,1.08361
18455_00016.swc,960.0,12.5664,5.0,15.0,33.0,19.0,174.42,170.23,270.02,1.99792,1874.48,11777.7,5888.87,186.515,201.376,5.0,0.893149,28.0606,1.0,70.0841,77.8534,1.1418
18455_00040.swc,1080.0,12.5664,5.0,17.0,37.0,21.0,159.82,210.53,202.52,1.99815,2101.34,13203.1,6601.56,134.412,164.083,6.0,0.897463,28.1622,1.0,57.4961,61.6365,1.05851
18455_00041.swc,945.0,12.5664,4.0,14.0,30.0,17.0,222.2,168.23,195.38,1.99788,1846.4,11601.3,5800.65,150.925,199.743,6.0,0.887883,30.4667,1.0,51.6319,70.4274,1.09495
18455_00110.swc,1171.0,12.5664,5.0,15.0,33.0,19.0,280.05,273.8,101.859,1.99829,2282.52,14341.5,7170.74,185.987,242.639,5.0,0.844405,34.4545,1.0,54.4627,56.5133,1.13459
18455_00172.swc,1355.0,12.5664,4.0,20.0,42.0,23.0,283.35,201.85,251.45,1.99852,2650.93,16656.3,8328.14,232.294,244.205,7.0,0.914091,31.2381,1.0,44.181,63.3299,1.1001
18455_00260.swc,1402.0,12.5664,4.0,32.0,66.0,35.0,194.27,177.42,138.75,1.99857,2718.97,17083.8,8541.89,133.111,149.473,8.0,0.930134,20.2273,1.0,84.6879,65.628,1.08815
18455_00261.swc,1865.0,12.5664,10.0,32.0,72.0,41.0,245.8,195.47,178.55,1.99893,3643.7,22894.0,11447.0,149.632,162.851,7.0,0.913164,24.8889,1.0,72.0229,56.3973,1.19825
18455_00262.swc,1521.0,12.5664,5.0,26.0,55.0,30.0,237.53,181.95,150.02,1.99869,2966.55,18639.4,9319.7,146.879,164.448,5.0,0.920108,26.6364,1.0,47.4968,46.2525,1.17372
18455_00263.swc,2677.0,12.5664,10.0,42.0,92.0,51.0,239.2,275.48,268.32,1.99925,5224.71,32827.8,16413.9,161.294,191.632,7.0,0.921631,28.087,1.0,53.7002,48.6974,1.15993
18455_00264.swc,4314.0,12.5664,9.0,57.0,121.0,65.0,311.0,293.65,309.93,1.99954,8448.77,53085.2,26542.6,183.038,418.142,13.0,0.919812,34.6446,1.0,79.8808,62.9085,1.13132
18455_3718_x10944_y12140.swc,2484.0,12.5664,5.0,35.0,73.0,39.0,342.82,291.3,206.48,1.99919,4830.66,30352.0,15176.0,199.203,230.711,6.0,0.913264,33.0137,1.0,62.2652,61.4829,1.09157
18455_4619_x10185_y12182.swc,1308.0,12.5664,5.0,16.0,35.0,20.0,259.42,269.2,209.72,1.99847,2552.19,16035.9,8017.94,201.908,254.328,6.0,0.879343,36.3429,1.0,89.0213,75.5793,1.05206
18455_4709_x21225_y13716.swc,4110.0,12.5664,3.0,89.0,179.0,91.0,237.15,447.33,242.07,1.99951,7957.68,49999.6,24999.8,254.302,278.851,10.0,0.91271,21.9553,1.0,73.5319,69.9683,1.26299
18455_4982_x21552_y14337.swc,3066.0,12.5664,6.0,47.0,98.0,52.0,207.4,291.3,252.32,1.99935,5965.08,37479.7,18739.8,194.568,213.354,8.0,0.913223,30.2755,1.0,55.7637,60.5797,1.15797
18455_5474_x14981_y13279.swc,2625.0,12.5664,9.0,39.0,85.0,47.0,202.83,241.2,278.33,1.99924,5116.86,32150.2,16075.1,163.219,194.925,7.0,0.896996,29.8706,1.0,78.2425,54.9304,1.13567
18455_5507_x14812_y14221.swc,3171.0,12.5664,11.0,45.0,99.0,55.0,230.07,239.48,282.21,1.99937,6188.72,38884.9,19442.4,154.008,184.445,7.0,0.886272,31.0202,1.0,77.7454,61.0069,1.16153
18455_5730_x15780_y13638.swc,3558.0,12.5664,7.0,58.0,121.0,64.0,265.81,251.53,275.69,1.99944,6934.6,43571.4,21785.7,177.508,201.721,8.0,0.909112,28.3967,1.0,77.7999,54.8482,1.1638
18457_00001.swc,1789.0,12.5664,5.0,26.0,55.0,30.0,222.57,238.9,243.0,1.99888,3476.28,21842.1,10921.1,192.312,229.32,6.0,0.869948,31.5091,1.0,63.9511,62.5586,1.09909
18457_00002.swc,1416.0,12.5664,5.0,19.0,41.0,23.0,323.64,319.33,261.68,1.99859,2773.09,17423.8,8711.92,229.662,251.667,6.0,0.884028,33.5122,1.0,67.477,79.9276,1.0728
18457_00003.swc,1966.0,12.5664,6.0,24.0,52.0,29.0,286.1,245.49,255.77,1.99898,3841.4,24136.2,12068.1,182.041,222.299,5.0,0.87775,36.7885,1.0,62.0539,75.3525,1.09021
18457_00004.swc,1429.0,12.5664,7.0,19.0,43.0,25.0,96.28,250.42,279.0,1.9986,2777.65,17452.5,8726.26,179.596,287.893,7.0,0.816671,32.2093,1.0,67.47,64.3168,1.15491
18457_00005.swc,1850.0,12.5664,4.0,39.0,80.0,42.0,237.52,173.2,208.25,1.99892,3557.91,22355.0,11177.5,174.927,195.188,8.0,0.868623,22.1125,1.0,54.7377,73.3837,1.102
18457_00006.swc,1976.0,12.5664,3.0,32.0,65.0,34.0,249.45,185.19,234.19,1.99899,3846.61,24168.9,12084.5,165.97,193.437,6.0,0.866639,29.3846,1.0,72.797,74.7553,1.13766
18457_00007.swc,1955.0,12.5664,7.0,27.0,59.0,33.0,334.82,141.57,192.32,1.99898,3783.44,23772.1,11886.0,193.81,219.118,7.0,0.878451,32.1186,1.0,54.464,56.2883,1.1532
18457_00008.swc,2102.0,12.5664,6.0,26.0,56.0,31.0,380.85,214.66,210.9,1.99905,4109.88,25823.1,12911.6,226.341,257.56,6.0,0.898538,36.5179,1.0,48.5855,64.6789,1.20417
18457_00014.swc,1355.0,12.5664,9.0,21.0,49.0,29.0,235.92,152.0,186.8,1.99852,2619.32,16457.7,8228.83,142.659,173.094,5.0,0.871652,26.6327,1.0,68.538,77.9394,1.06293
18457_00015.swc,1452.0,12.5664,4.0,23.0,48.0,26.0,274.6,187.88,185.47,1.99862,2826.12,17757.1,8878.53,159.336,203.557,8.0,0.889102,29.2292,1.0,70.3669,83.8567,1.11407
18457_00076.swc,1971.0,12.5664,4.0,35.0,72.0,38.0,251.87,301.55,163.35,1.99899,3813.97,23963.9,11981.9,190.061,221.165,7.0,0.854058,26.3611,1.0,54.8924,67.2058,1.10518
18457_00077.swc,1322.0,12.5664,5.0,24.0,51.0,28.0,146.32,198.96,195.87,1.99849,2555.14,16054.4,8027.21,126.148,171.228,6.0,0.877447,24.902,1.0,57.6147,68.7467,1.04544
18457_00078.swc,2187.0,12.5664,6.0,43.0,90.0,48.0,192.27,224.97,152.5,1.99909,4228.35,26567.5,13283.8,138.188,180.351,8.0,0.882663,23.2889,1.0,62.1222,60.3854,1.11545
18457_00079.swc,2184.0,12.5664,6.0,36.0,76.0,41.0,248.83,232.28,219.12,1.99908,4242.84,26658.6,13329.3,161.694,178.579,6.0,0.894158,27.7237,1.0,61.4263,57.6995,1.15227
18457_00080.swc,1986.0,12.5664,7.0,32.0,69.0,38.0,230.0,260.4,231.61,1.99899,3865.44,24287.3,12143.7,160.65,179.866,8.0,0.894472,27.7681,1.0,50.1865,66.7104,1.1161
18457_00082.swc,2331.0,12.5664,4.0,29.0,60.0,32.0,324.0,302.4,269.5,1.99914,4550.45,28591.3,14295.7,178.55,232.021,6.0,0.876763,37.8333,1.0,46.1752,66.4805,1.09056
18457_00087.swc,2084.0,12.5664,4.0,32.0,66.0,35.0,260.34,264.63,251.74,1.99904,4069.1,25566.9,12783.5,203.272,243.879,6.0,0.907438,30.5606,1.0,58.3189,66.9836,1.1106
18457_00139.swc,1059.0,12.5664,4.0,26.0,54.0,29.0,187.05,111.0,136.2,1.99811,2038.8,12810.2,6405.08,158.742,215.556,9.0,0.822362,18.5926,1.0,81.5506,72.8682,1.24737
18457_00140.swc,2205.0,12.5664,8.0,48.0,102.0,55.0,218.7,226.18,167.75,1.99909,4271.89,26841.1,13420.5,145.216,193.259,6.0,0.873506,20.6078,1.0,71.3526,80.52,1.17743
18457_00141.swc,1962.0,12.5664,4.0,27.0,56.0,30.0,255.81,306.55,217.73,1.99898,3819.67,23999.7,11999.8,174.162,204.995,8.0,0.87748,34.0179,1.0,72.8705,54.6091,1.09233
18457_00241.swc,4379.0,12.5664,5.0,59.0,121.0,63.0,426.22,298.94,221.44,1.99954,8525.39,53566.6,26783.3,248.149,274.836,12.0,0.916025,35.1818,1.0,71.1964,64.6909,1.13213
18458_00121.swc,2189.0,12.5664,8.0,36.0,78.0,43.0,225.21,244.1,190.72,1.99909,4264.9,26797.2,13398.6,156.049,172.68,7.0,0.890262,27.0513,1.0,65.5997,65.257,1.0867
18458_00122.swc,1671.0,12.5664,7.0,32.0,69.0,38.0,265.42,199.46,192.81,1.9988,3263.98,20508.2,10254.1,138.23,169.862,10.0,0.914115,23.2029,1.0,73.0942,50.8605,1.14266
18458_00125.swc,1158.0,12.5664,8.0,22.0,50.0,29.0,187.93,164.18,117.55,1.99827,2254.48,14165.3,7082.66,137.853,150.99,7.0,0.89276,22.14,1.0,59.6589,61.0648,1.16711
18458_00148.swc,4381.0,12.5664,5.0,58.0,119.0,62.0,494.56,390.86,277.33,1.99954,8570.79,53851.9,26925.9,369.34,434.843,9.0,0.918158,35.8067,1.0,62.7222,60.9855,1.18227
18458_00150.swc,4382.0,12.5664,6.0,54.0,112.0,59.0,406.73,328.98,360.95,1.99954,8583.76,53933.3,26966.7,260.177,298.637,8.0,0.930492,38.1161,1.0,58.5483,52.6575,1.1574
18458_00386.swc,2002.0,12.5664,7.0,47.0,99.0,53.0,207.06,214.77,182.42,1.999,3864.42,24280.9,12140.4,142.765,175.451,8.0,0.848458,19.2121,1.0,73.3897,66.9635,1.16471
18458_00419.swc,3064.0,12.5664,4.0,57.0,116.0,60.0,401.1,284.0,181.22,1.99935,5972.02,37523.3,18761.7,236.324,412.315,13.0,0.922007,25.4052,1.0,73.2965,74.4583,1.17501
18458_00460.swc,2118.0,12.5664,7.0,42.0,89.0,48.0,217.96,197.57,222.58,1.99906,4123.94,25911.5,12955.7,137.456,171.519,6.0,0.890692,22.7865,1.0,67.1717,69.0962,1.17074
18458_00461.swc,2793.0,12.5664,8.0,39.0,84.0,46.0,259.57,316.18,281.97,1.99928,5471.29,34377.1,17188.6,170.507,222.053,6.0,0.89098,32.2381,1.0,76.7022,57.8419,1.12981
18458_00468.swc,5885.0,12.5664,7.0,94.0,193.0,100.0,394.94,360.81,510.83,1.99966,11440.3,71881.4,35940.7,347.408,403.592,9.0,0.914529,29.487,1.0,60.9068,61.8634,1.19315
18458_00488.swc,2438.0,12.5664,6.0,36.0,76.0,41.0,299.39,219.75,208.24,1.99918,4744.28,29809.2,14904.6,180.633,217.986,9.0,0.868176,31.0658,1.0,66.8596,76.8889,1.13542
18458_00496.swc,3754.0,12.5664,7.0,64.0,133.0,70.0,267.93,341.7,256.3,1.99947,7316.81,45972.9,22986.4,207.451,221.693,9.0,0.926674,27.218,1.0,78.3906,52.6923,1.16237
18458_00548.swc,2761.0,12.5664,8.0,66.0,138.0,73.0,235.26,208.15,226.0,1.99928,5333.61,33512.0,16756.0,150.885,181.051,8.0,0.897439,19.0,1.0,73.045,69.3261,1.07135
18458_00549.swc,3142.0,12.5664,10.0,41.0,90.0,50.0,286.4,238.33,261.11,1.99936,6159.29,38699.9,19350.0,163.247,191.694,7.0,0.90009,33.9,1.0,61.471,54.6982,1.15073
18458_00574.swc,3252.0,12.5664,7.0,67.0,139.0,73.0,295.34,259.32,221.67,1.99938,6307.87,39633.5,19816.8,187.498,200.375,10.0,0.923203,22.3885,1.0,75.606,60.3848,1.17491
18458_00575.swc,3019.0,12.5664,9.0,54.0,115.0,62.0,222.55,239.56,254.9,1.99934,5869.42,36878.6,18439.3,150.975,400.767,9.0,0.90136,25.2435,1.0,68.1121,68.1808,1.16279
18458_00577.swc,3088.0,12.5664,9.0,42.0,91.0,50.0,251.52,285.23,228.96,1.99935,6045.92,37987.7,18993.8,162.048,189.858,9.0,0.879457,32.9231,1.0,64.4699,50.9495,1.14456
18458_00612.swc,2295.0,12.5664,3.0,47.0,95.0,49.0,236.79,237.09,256.4,1.99913,4434.6,27863.4,13931.7,187.362,202.99,9.0,0.899517,23.1474,1.0,71.5375,67.6389,1.13792
18458_00614.swc,3297.0,12.5664,4.0,42.0,86.0,45.0,271.24,379.81,356.31,1.99939,6451.4,40535.4,20267.7,287.497,311.902,8.0,0.904458,37.3256,1.0,71.2955,69.615,1.18065
18458_00615.swc,3329.0,12.5664,4.0,41.0,84.0,44.0,232.48,348.7,351.97,1.9994,6513.83,40927.6,20463.8,205.549,239.884,8.0,0.910196,38.619,1.0,72.0455,61.9428,1.13002
18458_00616.swc,4396.0,12.5664,4.0,57.0,116.0,60.0,301.45,313.18,372.25,1.99955,8571.79,53858.1,26929.1,213.712,261.102,11.0,0.898772,36.8879,1.0,69.1692,67.8879,1.17132
18461_4178_x16825_y2713.swc,3101.0,12.5664,7.0,61.0,127.0,67.0,438.77,384.255,290.15,1.99936,6026.52,37865.8,18932.9,385.041,424.877,12.0,0.934255,23.4094,1.0,78.9359,65.3308,1.16249
18461_4545_x5749_y4914.swc,3010.0,12.5664,5.0,54.0,111.0,58.0,243.5,373.08,387.72,1.99934,5875.72,36918.3,18459.1,352.045,395.138,11.0,0.939342,26.1081,1.0,63.5672,62.0274,1.09039
18461_5025_x23630_y4542.swc,3045.0,12.5664,9.0,59.0,125.0,67.0,331.93,437.48,250.48,1.99934,5922.59,37212.7,18606.4,274.994,354.423,11.0,0.944996,23.352,1.0,69.1575,57.7095,1.13387
18462_00005.swc,918.0,12.5664,5.0,12.0,27.0,16.0,214.23,214.8,238.92,1.99782,1797.45,11293.7,5646.84,200.961,220.293,5.0,0.877295,32.963,1.0,86.9729,71.2867,1.03938
18462_00007.swc,1452.0,12.5664,6.0,16.0,36.0,21.0,275.37,317.48,276.45,1.99862,2850.23,17908.5,8954.25,258.795,285.515,7.0,0.87661,39.3056,1.0,61.4889,65.7918,1.10925
18462_00009.swc,1436.0,12.5664,5.0,16.0,35.0,20.0,229.28,266.22,278.5,1.99861,2826.27,17758.0,8878.99,201.828,236.775,5.0,0.909034,40.0,1.0,69.4217,61.8078,1.07052
18462_00013.swc,2675.0,12.5664,9.0,39.0,85.0,47.0,243.33,309.45,191.25,1.99925,5239.91,32923.3,16461.7,178.612,190.891,7.0,0.921035,30.4588,1.0,61.4984,54.5455,1.12277
18462_00014.swc,1705.0,12.5664,7.0,25.0,55.0,31.0,257.06,274.67,156.19,1.99883,3351.45,21057.8,10528.9,152.012,171.142,5.0,0.91721,29.9818,1.0,60.711,53.1288,1.15076
18462_00015.swc,2174.0,12.5664,9.0,34.0,75.0,42.0,288.4,251.48,125.88,1.99908,4251.81,26714.9,13357.5,181.493,195.694,7.0,0.913531,27.9733,1.0,78.7889,57.5662,1.14632
18462_00016.swc,2248.0,12.5664,6.0,39.0,82.0,44.0,217.75,260.26,245.32,1.99911,4394.76,27613.1,13806.5,150.844,175.301,8.0,0.907348,26.4024,1.0,68.4169,52.7695,1.11952
18462_00017.swc,1655.0,12.5664,7.0,27.0,59.0,33.0,240.08,241.7,177.85,1.99879,3241.95,20369.8,10184.9,171.343,185.27,6.0,0.898693,27.0339,1.0,73.1728,47.1207,1.15038
18462_00018.swc,2249.0,12.5664,6.0,36.0,76.0,41.0,286.7,198.43,221.28,1.99911,4405.62,27681.3,13840.7,177.698,200.167,7.0,0.910833,28.5789,1.0,77.5496,61.9124,1.12059
18462_00019.swc,2148.0,12.5664,9.0,38.0,83.0,46.0,226.85,206.15,205.13,1.99907,4190.77,26331.4,13165.7,149.62,162.431,8.0,0.916215,24.8675,1.0,84.8674,65.1528,1.08463
18462_00029.swc,4317.0,12.5664,4.0,81.0,164.0,84.0,263.28,301.48,324.93,1.99954,8399.5,52775.6,26387.8,216.193,231.14,11.0,0.930827,25.3171,1.0,60.3686,58.3526,1.15954
18463_00001.swc,3577.0,12.5664,6.0,62.0,128.0,67.0,240.67,314.11,307.62,1.99944,7002.81,44000.0,22000.0,228.42,241.052,11.0,0.943501,26.9375,1.0,75.182,62.8501,1.18796
18463_00003.swc,3479.0,12.5664,9.0,45.0,97.0,53.0,249.9,299.2,299.98,1.99943,6836.44,42954.6,21477.3,198.5,239.07,9.0,0.911605,34.8557,1.0,78.527,61.0039,1.13383
18463_00004.swc,934.0,12.5664,3.0,20.0,41.0,22.0,160.42,77.0601,253.32,1.99786,1810.99,11378.8,5689.39,154.14,181.284,7.0,0.860276,21.7561,1.0,86.3424,88.2325,1.19544
18463_00005.swc,1068.0,12.5664,5.0,12.0,27.0,16.0,234.48,148.18,241.12,1.99813,2096.81,13174.7,6587.33,192.265,231.438,6.0,0.852624,38.5185,1.0,44.0531,75.2124,1.09266
18463_00007.swc,757.0,12.5664,3.0,16.0,33.0,18.0,136.78,134.59,206.09,1.99736,1475.97,9273.78,4636.89,133.919,154.466,7.0,0.912458,21.9091,1.0,69.9225,72.748,1.06817
18463_00051.swc,1505.0,12.5664,5.0,17.0,37.0,21.0,315.22,264.75,193.5,1.99867,2960.47,18601.2,9300.58,252.308,289.175,7.0,0.8999,39.6486,1.0,60.8228,69.9392,1.10146
18463_00052.swc,5422.0,12.5664,5.0,62.0,127.0,66.0,308.06,379.81,431.69,1.99963,10658.8,66971.3,33485.6,248.695,289.073,8.0,0.908941,41.685,1.0,47.497,55.9833,1.10154
18463_00054.swc,3657.0,12.5664,6.0,56.0,116.0,61.0,235.6,331.75,312.64,1.99945,7167.33,45033.6,22516.8,188.023,216.26,8.0,0.910551,30.5172,1.0,60.5918,49.6123,1.13615
18463_00055.swc,5531.0,12.5664,5.0,78.0,159.0,82.0,274.54,322.28,379.97,1.99964,10852.3,68187.3,34093.7,218.574,239.222,11.0,0.928338,33.7799,1.0,52.7722,54.3538,1.14282
18463_00056.swc,4878.0,12.5664,5.0,53.0,109.0,57.0,325.9,418.82,585.47,1.99959,9579.92,60192.4,30096.2,356.547,374.433,8.0,0.922962,43.7431,1.0,57.9048,50.5137,1.17503
18463_00057.swc,1354.0,12.5664,4.0,26.0,54.0,29.0,170.57,259.87,193.77,1.99852,2644.95,16618.7,8309.35,161.634,179.361,6.0,0.918215,24.0556,1.0,60.2726,49.4476,1.12449
18463_00058.swc,1390.0,12.5664,6.0,25.0,54.0,30.0,162.91,209.54,155.75,1.99856,2725.12,17122.4,8561.21,139.068,163.073,6.0,0.887928,24.7222,1.0,63.182,59.0225,1.09643
18463_00061.swc,5600.0,12.5664,6.0,78.0,160.0,83.0,342.57,371.88,336.28,1.99964,10991.7,69063.0,34531.5,254.564,272.083,10.0,0.938471,33.9937,1.0,57.4195,49.2107,1.11652
18463_00062.swc,3163.0,12.5664,8.0,35.0,76.0,42.0,412.1,267.34,299.17,1.99937,6217.99,39068.8,19534.4,242.125,298.034,7.0,0.891082,40.6053,1.0,63.1634,59.1719,1.12325
18463_00066.swc,2455.0,12.5664,7.0,42.0,89.0,48.0,183.0,235.82,234.03,1.99919,4802.09,30172.4,15086.2,157.222,175.791,7.0,0.911805,26.573,1.0,63.4525,53.6366,1.14957
18463_00067.swc,2691.0,12.5664,9.0,48.0,103.0,56.0,217.98,282.87,221.02,1.99926,5259.49,33046.4,16523.2,165.117,184.434,7.0,0.928499,25.1165,1.0,56.8682,49.1602,1.19231
18463_00068.swc,3215.0,12.5664,11.0,49.0,107.0,59.0,234.7,306.67,246.78,1.99938,6276.99,39439.5,19719.8,181.834,201.503,8.0,0.915496,29.0374,1.0,70.153,52.3364,1.15393
18463_00069.swc,2755.0,12.5664,9.0,39.0,85.0,47.0,203.75,260.55,258.47,1.99927,5401.67,33939.7,16969.9,185.124,202.014,7.0,0.925456,31.4,1.0,57.723,46.8919,1.12313
18463_00071.swc,2912.0,12.5664,7.0,46.0,97.0,52.0,262.58,263.68,234.12,1.99931,5703.17,35834.1,17917.0,164.605,192.313,7.0,0.918846,29.0103,1.0,65.4719,58.0504,1.17612
18463_00072.swc,3461.0,12.5664,8.0,41.0,88.0,48.0,442.67,288.73,228.52,1.99942,6812.69,42805.4,21402.7,264.555,282.851,8.0,0.917504,38.3182,1.0,65.2654,57.8472,1.12811
18463_00073.swc,3984.0,12.5664,7.0,67.0,139.0,73.0,306.82,242.12,275.58,1.9995,7795.91,48983.2,24491.6,192.697,216.999,7.0,0.936867,27.6547,1.0,63.2215,53.7624,1.1554
18463_00074.swc,1327.0,12.5664,5.0,23.0,49.0,27.0,299.64,162.46,183.4,1.99849,2597.27,16319.2,8159.58,205.011,219.978,7.0,0.882372,26.0612,1.0,61.5829,74.44,1.10611
18463_00075.swc,1311.0,12.5664,6.0,21.0,46.0,26.0,118.95,188.35,249.63,1.99847,2570.34,16149.9,8074.96,153.853,166.064,5.0,0.893331,27.4783,1.0,52.6701,61.0649,1.09017
18464_00108.swc,1657.0,12.5664,3.0,24.0,49.0,26.0,314.77,195.69,182.54,1.99879,3238.9,20350.6,10175.3,182.927,215.832,6.0,0.890771,32.7959,1.0,58.6647,63.9584,1.09472
18465_00040.swc,1616.0,12.5664,4.0,26.0,54.0,29.0,249.64,194.59,201.29,1.99876,3114.49,19568.9,9784.45,212.493,246.131,8.0,0.813215,28.9074,1.0,49.0737,67.2229,1.16428
18465_00041.swc,2288.0,12.5664,4.0,33.0,68.0,36.0,229.88,288.63,257.2,1.99913,4465.09,28055.0,14027.5,175.364,213.56,7.0,0.888424,32.6324,1.0,56.4555,65.6588,1.1255
18465_00046.swc,2427.0,12.5664,7.0,32.0,69.0,38.0,268.47,273.88,239.55,1.99918,4745.41,29816.3,14908.2,191.629,232.409,6.0,0.878518,34.1594,1.0,59.4731,70.7635,1.10002
18465_00168.swc,1360.0,12.5664,4.0,18.0,38.0,21.0,237.65,360.5,239.05,1.99853,2654.85,16680.9,8340.46,204.186,235.021,5.0,0.882226,34.7632,1.0,80.3124,71.1059,1.05364
18465_00219.swc,1983.0,12.5664,5.0,38.0,79.0,42.0,248.15,239.2,122.09,1.99899,3832.24,24078.7,12039.3,169.914,255.731,9.0,0.89183,24.0886,1.0,62.3087,74.5774,1.11509
18465_00226.swc,2677.0,12.5664,6.0,52.0,108.0,57.0,275.77,275.15,168.13,1.99925,5191.42,32618.7,16309.3,185.649,367.169,19.0,0.909952,23.7778,1.0,83.8032,75.8256,1.17678
18465_00227.swc,2177.0,12.5664,4.0,37.0,76.0,40.0,246.4,182.77,196.4,1.99908,4243.94,26665.5,13332.7,177.673,215.438,8.0,0.871904,27.6316,1.0,73.6748,69.2176,1.17893
18465_00228.swc,2493.0,12.5664,5.0,53.0,109.0,57.0,284.37,258.05,214.38,1.9992,4847.13,30455.4,15227.7,214.431,226.917,7.0,0.909078,21.8624,1.0,66.9755,54.7662,1.17209
18465_00229.swc,4240.0,12.5664,5.0,84.0,171.0,88.0,268.78,265.43,220.18,1.99953,8233.17,51730.6,25865.3,166.684,205.373,10.0,0.912209,23.7895,1.0,67.6507,56.5706,1.19655
18465_00230.swc,2762.0,12.5664,6.0,48.0,100.0,53.0,295.25,254.7,198.25,1.99928,5375.5,33775.3,16887.6,161.586,194.372,7.0,0.889856,26.61,1.0,76.3516,66.6157,1.12884
18465_00233.swc,3882.0,12.5664,7.0,73.0,151.0,79.0,377.1,244.95,208.9,1.99948,7580.04,47626.8,23813.4,224.073,232.426,9.0,0.922458,24.702,1.0,59.5512,55.4994,1.21525
18465_00234.swc,3958.0,12.5664,5.0,64.0,131.0,68.0,335.77,312.55,252.23,1.99949,7714.64,48472.5,24236.2,199.757,245.185,9.0,0.905148,29.2061,1.0,67.2638,66.9988,1.12832
18465_00235.swc,2963.0,12.5664,8.0,59.0,124.0,66.0,250.16,363.03,192.1,1.99933,5745.6,36100.7,18050.3,213.71,241.342,14.0,0.915477,22.8871,1.0,76.0567,65.8629,1.17126
18465_00238.swc,2955.0,12.5664,4.0,63.0,128.0,66.0,326.98,208.15,240.97,1.99932,5714.38,35904.5,17952.3,208.884,231.915,8.0,0.898385,22.0781,1.0,62.8724,67.2037,1.14774
18465_00241.swc,2591.0,12.5664,7.0,39.0,83.0,45.0,246.73,254.6,263.35,1.99923,5052.88,31748.2,15874.1,167.525,204.049,8.0,0.895138,30.2048,1.0,59.8569,57.3464,1.17739
18465_00242.swc,3088.0,12.5664,10.0,52.0,112.0,61.0,223.87,249.9,203.35,1.99935,6033.76,37911.2,18955.6,150.187,172.58,6.0,0.906482,26.5625,1.0,68.3228,58.5354,1.10354
18465_00243.swc,3496.0,12.5664,12.0,55.0,120.0,66.0,265.32,251.04,246.3,1.99943,6809.88,42787.7,21393.9,148.812,179.208,8.0,0.886223,28.125,1.0,67.3706,58.4889,1.18077
18465_00245.swc,7557.0,12.5664,4.0,140.0,282.0,143.0,430.27,262.48,438.98,1.99974,14634.1,91948.8,45974.4,270.054,517.652,24.0,0.902222,25.7943,1.0,67.4505,67.7038,1.19152
18465_00258.swc,5370.0,12.5664,4.0,79.0,160.0,82.0,217.23,316.83,266.26,1.99963,10457.8,65708.2,32854.1,202.376,233.286,10.0,0.896818,32.5562,1.0,57.6043,66.2898,1.22646
18465_00300.swc,3885.0,12.5664,6.0,74.0,152.0,79.0,491.92,194.27,270.84,1.99949,7561.03,47507.4,23753.7,306.362,328.912,8.0,0.914234,24.5526,1.0,60.447,59.6064,1.24232
18465_00302.swc,4823.0,12.5664,5.0,80.0,163.0,84.0,422.48,342.26,299.4,1.99959,9376.14,58912.0,29456.0,275.092,297.718,9.0,0.907639,28.5828,1.0,72.9805,64.7701,1.2173
18465_00303.swc,5454.0,12.5664,7.0,83.0,171.0,89.0,314.07,317.58,261.65,1.99963,10635.3,66823.5,33411.7,198.332,257.665,11.0,0.878835,30.8889,1.0,70.4805,63.1595,1.1597
18465_00304.swc,3966.0,12.5664,9.0,52.0,111.0,60.0,241.17,324.94,304.47,1.9995,7754.55,48723.3,24361.6,185.007,400.051,11.0,0.86774,34.7207,1.0,61.3893,67.6791,1.21942
18465_00305.swc,3782.0,12.5664,10.0,50.0,108.0,59.0,318.13,316.77,278.1,1.99947,7412.54,46574.4,23287.2,202.625,247.106,6.0,0.899207,34.0093,1.0,67.1007,54.5065,1.16118
18465_00312.swc,2538.0,12.5664,5.0,50.0,103.0,54.0,152.37,297.47,181.12,1.99921,4874.55,30627.7,15313.9,166.683,436.451,21.0,0.889563,23.6311,1.0,81.6892,84.6323,1.2392
18465_00313.swc,4892.0,12.5664,7.0,74.0,153.0,80.0,349.9,289.32,301.6,1.99959,9454.34,59403.4,29701.7,227.503,254.403,7.0,0.879401,30.9673,1.0,68.6791,66.1574,1.12937
18465_00328.swc,3550.0,12.5664,6.0,69.0,142.0,74.0,257.18,207.4,311.87,1.99944,6901.45,43363.1,21681.5,230.676,249.573,10.0,0.926301,23.993,1.0,68.4171,54.8883,1.22022
18470_3227_x19287_y16117.swc,6175.0,12.5664,8.0,73.0,152.0,80.0,442.2,1039.87,580.55,1.99968,11944.5,75049.6,37524.8,897.231,1147.5,24.0,0.878568,39.6184,1.0,72.4811,76.6839,1.20842
18864_1917_x3417_y12763.swc,4636.0,12.5664,5.0,46.0,95.0,50.0,406.32,643.83,434.9,1.99957,9087.3,57097.2,28548.6,414.508,487.202,9.0,0.920828,47.7895,1.0,72.6003,59.7406,1.10311
18864_3338_x3396_y21865.swc,2019.0,12.5664,4.0,21.0,44.0,24.0,286.07,592.45,365.33,1.99901,3951.86,24830.3,12415.1,490.748,520.738,7.0,0.914109,44.8636,1.0,56.9596,71.0352,1.07731
18864_3488_x3691_y22599.swc,3425.0,12.5664,6.0,43.0,90.0,48.0,394.79,698.52,348.08,1.99942,6688.15,42022.9,21011.5,613.081,666.417,13.0,0.896475,37.0444,1.0,77.9883,68.795,1.20484
18864_4380_x6371_y4940.swc,1349.0,12.5664,3.0,36.0,73.0,38.0,111.08,168.58,205.79,1.99852,2591.64,16283.8,8141.88,127.681,145.95,7.0,0.923497,17.4658,1.0,83.4334,76.5719,1.09599
18864_4420_x4377_y8261.swc,2966.0,12.5664,5.0,43.0,89.0,47.0,253.2,651.5,351.43,1.99933,5786.32,36356.5,18178.2,535.379,575.149,11.0,0.929181,32.3146,1.0,68.3676,67.8296,1.14501
18864_4554_x9386_y2232.swc,4460.0,12.5664,8.0,70.0,146.0,77.0,272.68,723.58,320.7,1.99955,8703.62,54686.5,27343.2,451.678,504.004,16.0,0.929856,29.5411,1.0,69.2584,56.0581,1.18935
18864_4797_x9453_y2359.swc,4473.0,12.5664,7.0,80.0,165.0,86.0,260.08,422.3,441.945,1.99955,8702.36,54678.5,27339.3,412.101,492.245,12.0,0.935945,26.103,1.0,71.4922,59.5072,1.18055
18864_6057_x8520_y2391.swc,4827.0,12.5664,5.0,75.0,153.0,79.0,378.48,373.68,423.15,1.99959,9389.88,58998.4,29499.2,402.781,955.693,15.0,0.892407,30.5425,1.0,81.0927,67.2746,1.18107
18867_2903_x13633_y8787.swc,10868.0,12.5664,13.0,147.0,305.0,159.0,871.73,1040.67,825.36,1.99982,21108.9,132631.0,66315.5,991.481,1556.47,37.0,0.908192,34.6295,1.0,78.8282,71.3539,1.23322
18867_3469_x10058_y10954.swc,6038.0,12.5664,9.0,65.0,137.0,73.0,717.79,528.08,787.5,1.99967,11772.6,73969.3,36984.6,671.524,869.23,22.0,0.902204,43.0657,1.0,64.7784,66.7643,1.16916
18867_3801_x9223_y10977.swc,5666.0,12.5664,7.0,71.0,147.0,77.0,643.18,515.27,754.41,1.99965,11043.8,69390.2,34695.1,685.937,885.127,22.0,0.901007,37.5374,1.0,71.2036,69.8775,1.18233
18867_4216_x9933_y8365.swc,3370.0,153.938,5.0,47.0,97.0,51.0,295.1,476.33,401.49,8.24043,6558.81,168442.0,388670.0,454.804,490.819,14.0,0.911349,33.732,0.988569,69.299,72.9815,1.1582
18867_4330_x29413_y7746.swc,6036.0,95.0332,5.0,80.0,163.0,84.0,392.03,927.55,684.9,7.74595,11768.3,284675.0,654546.0,828.216,1156.69,21.0,0.907207,36.0245,1.00415,72.2546,65.2163,1.21343
18867_4397_x8352_y9768.swc,4724.0,12.5664,8.0,54.0,114.0,61.0,601.5,485.65,770.72,1.99958,9239.41,58052.9,29026.5,730.182,1070.52,18.0,0.882308,40.4298,1.0,71.7113,65.3805,1.16249
18867_4533_x14227_y15937.swc,2642.0,12.5664,2.0,71.0,142.0,72.0,347.6,868.1,415.65,1.99924,5090.07,31981.9,15990.9,572.411,697.106,14.0,0.907324,17.5986,1.0,75.4436,84.7764,1.11219
18867_4689_x11723_y7039.swc,4814.0,0.785398,7.0,69.0,143.0,75.0,430.87,1047.3,601.78,7.18436,9396.51,211212.0,441269.0,909.276,1065.69,23.0,0.900717,32.6573,1.33349,75.4627,71.4995,1.19131
18867_4724_x12558_y16835.swc,1757.0,12.5664,4.0,11.0,24.0,14.0,239.69,770.55,515.141,1.99886,3443.56,21636.5,10818.3,628.115,706.979,4.0,0.866243,72.1667,1.0,62.9651,76.9091,1.09148
18867_4768_x26326_y6150.swc,5202.0,12.5664,9.0,66.0,139.0,74.0,474.95,1106.4,445.05,1.99962,10168.4,63889.7,31944.9,991.951,1160.33,23.0,0.912481,36.4173,1.0,70.7826,65.7426,1.18745
18867_5654_x12080_y5724.swc,4334.0,12.5664,9.0,50.0,107.0,58.0,428.8,1048.8,522.21,1.99954,8454.43,53120.7,26560.4,886.504,1010.35,19.0,0.911597,39.4953,1.0,66.1528,64.741,1.17122
18867_5665_x20882_y6561.swc,6768.0,0.785398,11.0,103.0,215.0,113.0,392.35,389.17,424.98,7.97026,13159.9,328164.0,730233.0,377.829,509.608,19.0,0.915458,30.4744,1.2,70.4424,61.912,1.21048
18867_5867_x21009_y6208.swc,6802.0,452.389,9.0,101.0,209.0,109.0,481.22,475.62,513.25,7.99938,13252.0,331199.0,731288.0,406.002,571.7,23.0,0.918982,31.5407,0.947096,72.2816,71.8841,1.19471
18867_6007_x18415_y4843.swc,8616.0,12.5664,12.0,95.0,200.0,106.0,458.5,731.905,522.82,1.99977,16878.2,106049.0,53024.5,556.62,741.8,28.0,0.920882,42.075,1.0,68.707,65.6068,1.17416
18867_6091_x30186_y6043.swc,5860.0,95.0332,10.0,65.0,138.0,74.0,456.88,1094.52,591.8,8.23684,11446.1,294909.0,701048.0,863.422,1073.88,24.0,0.906453,41.4565,1.00972,63.7706,68.9764,1.17642
18867_6408_x9343_y6158.swc,6494.0,12.5664,8.0,85.0,176.0,92.0,632.65,972.07,598.72,1.99969,12669.6,79605.6,39802.8,771.423,1445.37,22.0,0.914129,35.892,1.0,65.1086,66.7645,1.20138
18868_2584_x14386_y13639.swc,5895.0,12.5664,7.0,58.0,121.0,64.0,715.45,517.4,486.44,1.99966,11487.7,72179.1,36089.5,663.292,799.366,15.0,0.878943,47.7107,1.0,74.4645,61.893,1.12393
18868_2593_x15801_y13755.swc,5223.0,12.5664,7.0,64.0,133.0,70.0,399.35,411.47,813.05,1.99962,10133.3,63669.7,31834.9,683.558,1071.94,20.0,0.88995,38.2632,1.0,75.72,65.532,1.21595
18868_3875_x8707_y8341.swc,5121.0,12.5664,4.0,57.0,116.0,60.0,528.32,1067.22,541.601,1.99961,9992.99,62787.8,31393.9,912.029,1124.22,21.0,0.901421,43.1379,1.0,69.1173,70.3472,1.14956
18868_4041_x10632_y7193.swc,4334.0,12.5664,5.0,56.0,115.0,60.0,343.35,1137.33,350.64,1.99954,8461.54,53165.4,26582.7,962.542,1098.48,23.0,0.888539,36.6783,1.0,61.3569,70.3507,1.14762
18868_4047_x27203_y7787.swc,7037.0,12.5664,10.0,70.0,148.0,79.0,414.89,1241.16,669.21,1.99972,13761.9,86468.7,43234.4,1105.54,1257.79,26.0,0.909016,46.5405,1.0,68.0392,63.2041,1.23037
18868_4341_x30419_y10114.swc,7891.0,12.5664,8.0,76.0,158.0,83.0,570.65,918.57,965.37,1.99975,15428.6,96941.0,48470.5,886.216,1222.17,27.0,0.909984,48.9367,1.0,73.0165,63.6978,1.16249
18868_4434_x10947_y6887.swc,3752.0,12.5664,4.0,49.0,100.0,52.0,325.28,1165.44,347.92,1.99947,7306.91,45910.7,22955.3,1034.78,1176.76,24.0,0.897032,36.51,1.0,71.6719,69.5359,1.16761
18868_4549_x5910_y9879.swc,6598.0,12.5664,8.0,77.0,160.0,84.0,420.79,783.5,866.98,1.9997,12873.0,80883.4,40441.7,798.997,1027.32,22.0,0.900713,40.2313,1.0,67.3316,71.4496,1.20391
18868_4863_x31402_y10126.swc,7770.0,12.5664,10.0,75.0,158.0,84.0,457.23,711.23,949.989,1.99974,15170.9,95321.3,47660.7,738.285,947.07,19.0,0.910968,48.1709,1.0,68.8346,61.8461,1.20037
18868_5131_x7596_y7239.swc,4822.0,12.5664,8.0,63.0,132.0,70.0,356.35,1004.22,544.77,1.99959,9413.0,59143.6,29571.8,908.093,1059.53,21.0,0.909157,35.5227,1.0,66.447,61.994,1.18814
18868_5141_x8535_y6876.swc,4941.0,12.5664,8.0,54.0,114.0,61.0,425.93,1114.78,636.15,1.9996,9662.5,60711.3,30355.6,951.174,1619.77,27.0,0.905244,42.3333,1.0,76.4788,84.2915,1.15454
18868_5369_x19532_y5532.swc,8153.0,12.5664,8.0,110.0,226.0,117.0,553.5,676.925,383.04,1.99975,15902.4,99918.0,49959.0,517.209,827.799,25.0,0.919398,35.0708,1.0,60.254,65.4043,1.17896
18868_5701_x9538_y5736.swc,4890.0,12.5664,8.0,63.0,132.0,70.0,571.47,903.255,450.771,1.99959,9534.14,59904.7,29952.4,830.687,1122.42,23.0,0.916923,36.0379,1.0,73.3534,71.3214,1.16044
18868_5724_x8616_y5999.swc,5912.0,12.5664,7.0,80.0,165.0,86.0,554.9,880.3,640.85,1.99966,11511.3,72327.9,36163.9,792.77,1022.94,22.0,0.908434,34.8242,1.0,69.0654,62.7308,1.19468
18868_5983_x17523_y5085.swc,8805.0,12.5664,11.0,128.0,265.0,138.0,540.38,447.895,405.71,1.99977,17163.4,107841.0,53920.5,419.825,622.264,24.0,0.921465,32.2226,1.0,61.8842,62.9211,1.21136
18868_6019_x9541_y5296.swc,6285.0,12.5664,8.0,67.0,140.0,74.0,506.65,814.355,571.73,1.99968,12283.5,77179.3,38589.7,711.5,867.6,21.0,0.917766,43.8857,1.0,71.9569,66.0804,1.1995
18869_3239_x6605_y6691.swc,5221.0,12.5664,6.0,65.0,134.0,70.0,707.85,718.19,697.33,1.99962,10204.3,64115.2,32057.6,697.651,923.783,22.0,0.91997,37.9552,1.0,73.7303,63.6003,1.15798
18869_3321_x21485_y7678.swc,4783.0,12.5664,6.0,46.0,96.0,51.0,672.79,570.03,696.67,1.99958,9376.48,58914.2,29457.1,681.966,904.719,19.0,0.910971,48.8125,1.0,69.962,68.7532,1.14223
18869_3398_x6248_y7047.swc,6683.0,12.5664,10.0,77.0,162.0,86.0,652.95,634.35,783.979,1.9997,13079.8,82182.9,41091.5,679.058,863.876,23.0,0.910621,40.2469,1.0,64.6342,65.2434,1.19055
18869_3482_x7077_y5660.swc,3402.0,12.5664,5.0,35.0,73.0,39.0,589.45,872.55,688.27,1.99941,6677.87,41958.3,20979.1,805.342,1006.04,17.0,0.894328,45.589,1.0,75.4914,79.9316,1.14424
18869_3547_x21769_y7449.swc,6609.0,12.5664,8.0,62.0,130.0,69.0,758.18,897.28,824.25,1.9997,12977.8,81542.1,40771.1,841.045,1235.01,24.0,0.909499,49.8308,1.0,76.1616,73.1283,1.13697
18869_3659_x21701_y7032.swc,4423.0,78.5398,5.0,48.0,99.0,52.0,598.03,641.18,770.54,5.24318,8655.51,141777.0,211991.0,772.334,956.172,23.0,0.909343,43.6667,1.02871,67.7942,71.0728,1.13933
18869_3701_x5589_y7633.swc,5486.0,12.5664,8.0,58.0,122.0,65.0,583.0,533.22,743.45,1.99964,10730.7,67422.8,33711.4,635.586,868.938,19.0,0.903058,43.959,1.0,78.4811,65.6452,1.1871
18869_3761_x5335_y8118.swc,4580.0,12.5664,5.0,74.0,151.0,78.0,400.29,388.4,603.851,1.99956,8934.07,56134.4,28067.2,526.32,681.759,21.0,0.921695,29.3245,1.0,74.2647,67.7579,1.16543
18869_4050_x21764_y6239.swc,5418.0,12.5664,6.0,57.0,118.0,62.0,708.63,865.52,786.08,1.99963,10626.6,66768.6,33384.3,882.579,1023.66,17.0,0.901645,44.9068,1.0,71.8847,71.5577,1.16836
18869_4091_x4807_y8065.swc,5213.0,12.5664,8.0,75.0,156.0,82.0,444.33,380.98,636.78,1.99962,10179.2,63958.0,31979.0,525.421,942.245,24.0,0.911728,32.4103,1.0,76.9446,77.2449,1.24581
18869_4347_x8166_y4281.swc,5891.0,12.5664,8.0,75.0,156.0,82.0,497.16,1075.82,446.57,1.99966,11530.2,72446.6,36223.3,935.293,1029.28,20.0,0.920276,36.7564,1.0,71.6807,63.3397,1.22265
18869_4469_x21852_y5924.swc,5215.0,12.5664,8.0,82.0,170.0,89.0,693.44,854.55,863.95,1.99962,10189.4,64021.7,32010.9,1010.2,1299.11,26.0,0.904378,29.6706,1.0,86.0445,76.1663,1.19805
18869_4625_x5853_y5391.swc,3244.0,12.5664,6.0,40.0,84.0,45.0,343.99,716.65,724.68,1.99938,6322.79,39727.3,19863.6,783.745,932.355,20.0,0.872394,37.6071,1.0,68.3332,77.4786,1.13859
18869_5024_x5544_y5480.swc,7792.0,12.5664,9.0,73.0,153.0,81.0,613.28,921.01,879.4,1.99974,15319.1,96252.7,48126.3,805.848,1266.99,29.0,0.91952,49.9216,1.0,75.5953,69.6121,1.18835
18869_5033_x23046_y6158.swc,7006.0,12.5664,8.0,74.0,154.0,81.0,621.77,876.09,884.13,1.99971,13751.3,86402.2,43201.1,805.159,1011.49,26.0,0.922704,44.487,1.0,76.0626,69.4379,1.19182
18869_5213_x7186_y4274.swc,3949.0,12.5664,5.0,49.0,101.0,53.0,464.15,1010.25,713.431,1.99949,7735.3,48602.3,24301.2,951.085,1206.93,22.0,0.906699,38.0891,1.0,79.4902,63.1417,1.14892
18869_5553_x7275_y3994.swc,5173.0,2375.83,6.0,67.0,138.0,72.0,439.7,1048.77,633.87,5.10865,10146.6,161904.0,240399.0,928.677,1084.93,23.0,0.920291,36.4783,0.98958,79.6642,77.8608,1.18789
18869_5684_x13521_y3699.swc,8506.0,12.5664,9.0,91.0,189.0,99.0,821.63,847.025,481.32,1.99976,16707.1,104974.0,52487.0,532.903,728.973,18.0,0.929346,44.0,1.0,63.0235,56.5217,1.19226
191807_4821_x3698_y18726.swc,2762.0,12.5664,4.0,25.0,52.0,28.0,487.0,1131.6,483.65,1.99928,5420.29,34056.7,17028.3,957.719,1114.6,11.0,0.86946,52.0962,1.0,86.8338,73.4288,1.1068
191807_5062_x6404_y23808.swc,2313.0,12.5664,6.0,36.0,76.0,41.0,280.11,343.73,495.851,1.99914,4501.95,28286.6,14143.3,459.045,543.65,17.0,0.909602,29.4211,1.0,73.5241,70.7616,1.13629
191812_2734_x6259_y10487.swc,4501.0,12.5664,12.0,53.0,116.0,64.0,434.47,676.51,379.43,1.99956,8827.31,55463.6,27731.8,507.153,623.084,8.0,0.895281,37.7931,1.0,70.1833,59.6499,1.18593
191812_2978_x7903_y22705.swc,2667.0,12.5664,10.0,36.0,80.0,45.0,350.52,332.68,355.8,1.99925,5190.72,32614.3,16307.1,322.978,378.665,8.0,0.895743,32.325,1.0,75.6604,58.8579,1.10982
191812_3140_x5204_y12992.swc,3842.0,12.5664,8.0,52.0,110.0,59.0,394.66,579.28,346.37,1.99948,7524.29,47276.5,23638.3,457.021,538.068,11.0,0.915052,33.9182,1.0,68.8488,66.3007,1.12042
191812_3438_x6058_y10197.swc,4399.0,12.5664,7.0,53.0,111.0,59.0,411.63,665.75,352.25,1.99955,8602.41,54050.6,27025.3,526.314,638.003,11.0,0.887324,38.6216,1.0,71.6874,64.4964,1.16655
191812_4664_x8027_y25176.swc,5670.0,12.5664,12.0,70.0,150.0,81.0,366.95,609.55,656.58,1.99965,11105.5,69778.1,34889.0,567.585,686.172,10.0,0.915355,36.7933,1.0,67.358,58.9091,1.27154
191812_5158_x9017_y25877.swc,5411.0,12.5664,10.0,70.0,148.0,79.0,376.73,469.73,631.0,1.99963,10622.3,66742.1,33371.0,579.079,686.899,10.0,0.924818,35.5541,1.0,64.4046,60.1428,1.25544
191812_5676_x8072_y26215.swc,3512.0,12.5664,6.0,44.0,92.0,49.0,332.6,381.67,601.3,1.99943,6877.17,43210.5,21605.3,482.143,563.145,13.0,0.917073,37.163,1.0,86.2751,66.7368,1.163
191812_5922_x4572_y8645.swc,4053.0,12.5664,11.0,63.0,135.0,73.0,388.25,548.5,379.55,1.99951,7910.08,49700.5,24850.3,441.047,541.177,8.0,0.922335,29.0148,1.0,70.5987,60.7961,1.22745
191812_6351_x5009_y7424.swc,3454.0,19.635,8.0,49.0,104.0,56.0,384.81,546.077,463.63,2.56391,6749.31,54115.7,44377.9,430.389,514.949,8.0,0.910555,32.2019,1.00075,73.9795,64.1499,1.2012
